[13:06:04] [Run] run_id=chb01-chb02-chb03+21_xgboost_solve_chain_qubo_exact_07926d2aac
[   2%] Collecting files
[   5%] Validating EDF channels
[  10%] Preprocessing EDF files
[Parallel(n_jobs=4)]: Using backend LokyBackend with 4 concurrent workers.
Using data from preloaded Raw for 3600 events and 256 original time points ...
Using data from preloaded Raw for 3600 events and 256 original time points ...
Using data from preloaded Raw for 3600 events and 256 original time points ...
Using data from preloaded Raw for 3600 events and 256 original time points ...
0 bad epochs dropped
0 bad epochs dropped
0 bad epochs dropped
0 bad epochs dropped
Using data from preloaded Raw for 3600 events and 256 original time points ...
Using data from preloaded Raw for 3600 events and 256 original time points ...
Using data from preloaded Raw for 3600 events and 256 original time points ...
Using data from preloaded Raw for 3600 events and 256 original time points ...
0 bad epochs dropped
0 bad epochs dropped
0 bad epochs dropped
0 bad epochs dropped
[Parallel(n_jobs=4)]: Done   5 tasks      | elapsed:    8.5s
Using data from preloaded Raw for 3600 events and 256 original time points ...
Using data from preloaded Raw for 3600 events and 256 original time points ...
Using data from preloaded Raw for 3600 events and 256 original time points ...
Using data from preloaded Raw for 3600 events and 256 original time points ...
0 bad epochs dropped
0 bad epochs dropped
0 bad epochs dropped
0 bad epochs dropped
[Parallel(n_jobs=4)]: Done  10 tasks      | elapsed:   11.6s
Using data from preloaded Raw for 3600 events and 256 original time points ...
Using data from preloaded Raw for 3600 events and 256 original time points ...
Using data from preloaded Raw for 3600 events and 256 original time points ...
Using data from preloaded Raw for 3600 events and 256 original time points ...
0 bad epochs dropped
0 bad epochs dropped
0 bad epochs dropped
0 bad epochs dropped
Using data from preloaded Raw for 2663 events and 256 original time points ...
Using data from preloaded Raw for 3600 events and 256 original time points ...
Using data from preloaded Raw for 3600 events and 256 original time points ...
Using data from preloaded Raw for 3600 events and 256 original time points ...
0 bad epochs dropped
0 bad epochs dropped
0 bad epochs dropped
0 bad epochs dropped
[Parallel(n_jobs=4)]: Done  17 tasks      | elapsed:   17.2s
Using data from preloaded Raw for 3600 events and 256 original time points ...
0 bad epochs dropped
Using data from preloaded Raw for 3600 events and 256 original time points ...
Using data from preloaded Raw for 3600 events and 256 original time points ...
Using data from preloaded Raw for 3600 events and 256 original time points ...
0 bad epochs dropped
0 bad epochs dropped
0 bad epochs dropped
[Parallel(n_jobs=4)]: Done  24 tasks      | elapsed:   20.9s
Using data from preloaded Raw for 600 events and 256 original time points ...
0 bad epochs dropped
Using data from preloaded Raw for 3600 events and 256 original time points ...
Using data from preloaded Raw for 2325 events and 256 original time points ...
0 bad epochs dropped
0 bad epochs dropped
Using data from preloaded Raw for 3600 events and 256 original time points ...
0 bad epochs dropped
Using data from preloaded Raw for 3600 events and 256 original time points ...
0 bad epochs dropped
Using data from preloaded Raw for 3600 events and 256 original time points ...
0 bad epochs dropped
Using data from preloaded Raw for 3600 events and 256 original time points ...
0 bad epochs dropped
Using data from preloaded Raw for 3600 events and 256 original time points ...
0 bad epochs dropped
Using data from preloaded Raw for 3600 events and 256 original time points ...
0 bad epochs dropped
Using data from preloaded Raw for 3600 events and 256 original time points ...
0 bad epochs dropped
[Parallel(n_jobs=4)]: Done  33 tasks      | elapsed:   27.5s
Using data from preloaded Raw for 3600 events and 256 original time points ...
0 bad epochs dropped
Using data from preloaded Raw for 3600 events and 256 original time points ...
0 bad epochs dropped
Using data from preloaded Raw for 3600 events and 256 original time points ...
0 bad epochs dropped
Using data from preloaded Raw for 3600 events and 256 original time points ...
0 bad epochs dropped
Using data from preloaded Raw for 3600 events and 256 original time points ...
0 bad epochs dropped
Using data from preloaded Raw for 3600 events and 256 original time points ...
0 bad epochs dropped
Using data from preloaded Raw for 3600 events and 256 original time points ...
0 bad epochs dropped
Using data from preloaded Raw for 3600 events and 256 original time points ...
0 bad epochs dropped
Using data from preloaded Raw for 3600 events and 256 original time points ...
0 bad epochs dropped
Using data from preloaded Raw for 3600 events and 256 original time points ...
0 bad epochs dropped
Using data from preloaded Raw for 3600 events and 256 original time points ...
[Parallel(n_jobs=4)]: Done  42 tasks      | elapsed:   34.9s
0 bad epochs dropped
Using data from preloaded Raw for 3600 events and 256 original time points ...
0 bad epochs dropped
Using data from preloaded Raw for 3600 events and 256 original time points ...
0 bad epochs dropped
Using data from preloaded Raw for 3600 events and 256 original time points ...
0 bad epochs dropped
Using data from preloaded Raw for 3600 events and 256 original time points ...
0 bad epochs dropped
Using data from preloaded Raw for 3600 events and 256 original time points ...
0 bad epochs dropped
Using data from preloaded Raw for 3600 events and 256 original time points ...
0 bad epochs dropped
Using data from preloaded Raw for 3600 events and 256 original time points ...
0 bad epochs dropped
Using data from preloaded Raw for 3600 events and 256 original time points ...
0 bad epochs dropped
Using data from preloaded Raw for 3600 events and 256 original time points ...
0 bad epochs dropped
[Parallel(n_jobs=4)]: Done  53 tasks      | elapsed:   42.8s
Using data from preloaded Raw for 3600 events and 256 original time points ...
0 bad epochs dropped
Using data from preloaded Raw for 3600 events and 256 original time points ...
Using data from preloaded Raw for 3600 events and 256 original time points ...
0 bad epochs dropped
0 bad epochs dropped
Using data from preloaded Raw for 3600 events and 256 original time points ...
0 bad epochs dropped
Using data from preloaded Raw for 959 events and 256 original time points ...
0 bad epochs dropped
Using data from preloaded Raw for 3600 events and 256 original time points ...
Using data from preloaded Raw for 3600 events and 256 original time points ...
0 bad epochs dropped
0 bad epochs dropped
Using data from preloaded Raw for 3600 events and 256 original time points ...
0 bad epochs dropped
Using data from preloaded Raw for 3600 events and 256 original time points ...
0 bad epochs dropped
Using data from preloaded Raw for 3600 events and 256 original time points ...
Using data from preloaded Raw for 3600 events and 256 original time points ...
0 bad epochs dropped
0 bad epochs dropped
Using data from preloaded Raw for 3600 events and 256 original time points ...
0 bad epochs dropped
Using data from preloaded Raw for 3600 events and 256 original time points ...
0 bad epochs dropped
[Parallel(n_jobs=4)]: Done  64 tasks      | elapsed:   51.7s
Using data from preloaded Raw for 3600 events and 256 original time points ...
Using data from preloaded Raw for 3600 events and 256 original time points ...
0 bad epochs dropped
0 bad epochs dropped
Using data from preloaded Raw for 3600 events and 256 original time points ...
0 bad epochs dropped
Using data from preloaded Raw for 3600 events and 256 original time points ...
0 bad epochs dropped
Using data from preloaded Raw for 3600 events and 256 original time points ...
Using data from preloaded Raw for 3600 events and 256 original time points ...
0 bad epochs dropped
0 bad epochs dropped
Using data from preloaded Raw for 3600 events and 256 original time points ...
0 bad epochs dropped
Using data from preloaded Raw for 3600 events and 256 original time points ...
0 bad epochs dropped
Using data from preloaded Raw for 3600 events and 256 original time points ...
Using data from preloaded Raw for 3600 events and 256 original time points ...
0 bad epochs dropped
0 bad epochs dropped
Using data from preloaded Raw for 3600 events and 256 original time points ...
0 bad epochs dropped
Using data from preloaded Raw for 3600 events and 256 original time points ...
0 bad epochs dropped
[Parallel(n_jobs=4)]: Done  77 tasks      | elapsed:  1.0min
Using data from preloaded Raw for 3600 events and 256 original time points ...
Using data from preloaded Raw for 3600 events and 256 original time points ...
0 bad epochs dropped
0 bad epochs dropped
Using data from preloaded Raw for 3600 events and 256 original time points ...
0 bad epochs dropped
Using data from preloaded Raw for 3600 events and 256 original time points ...
0 bad epochs dropped
Using data from preloaded Raw for 3600 events and 256 original time points ...
Using data from preloaded Raw for 3600 events and 256 original time points ...
0 bad epochs dropped
0 bad epochs dropped
Using data from preloaded Raw for 3600 events and 256 original time points ...
0 bad epochs dropped
Using data from preloaded Raw for 3600 events and 256 original time points ...
0 bad epochs dropped
Using data from preloaded Raw for 3600 events and 256 original time points ...
Using data from preloaded Raw for 3600 events and 256 original time points ...
0 bad epochs dropped
0 bad epochs dropped
Using data from preloaded Raw for 3600 events and 256 original time points ...
0 bad epochs dropped
Using data from preloaded Raw for 3600 events and 256 original time points ...
0 bad epochs dropped
[Parallel(n_jobs=4)]: Done  90 tasks      | elapsed:  1.2min
Using data from preloaded Raw for 3600 events and 256 original time points ...
Using data from preloaded Raw for 3600 events and 256 original time points ...
0 bad epochs dropped
0 bad epochs dropped
Using data from preloaded Raw for 3600 events and 256 original time points ...
0 bad epochs dropped
Using data from preloaded Raw for 3600 events and 256 original time points ...
0 bad epochs dropped
Using data from preloaded Raw for 3600 events and 256 original time points ...
Using data from preloaded Raw for 3600 events and 256 original time points ...
0 bad epochs dropped
0 bad epochs dropped
Using data from preloaded Raw for 3606 events and 256 original time points ...
0 bad epochs dropped
Using data from preloaded Raw for 3600 events and 256 original time points ...
0 bad epochs dropped
Using data from preloaded Raw for 3600 events and 256 original time points ...
Using data from preloaded Raw for 3600 events and 256 original time points ...
0 bad epochs dropped
0 bad epochs dropped
Using data from preloaded Raw for 3600 events and 256 original time points ...
Using data from preloaded Raw for 3600 events and 256 original time points ...
0 bad epochs dropped
0 bad epochs dropped
Using data from preloaded Raw for 3600 events and 256 original time points ...
Using data from preloaded Raw for 3600 events and 256 original time points ...
0 bad epochs dropped
0 bad epochs dropped
Using data from preloaded Raw for 3600 events and 256 original time points ...
Using data from preloaded Raw for 3600 events and 256 original time points ...
0 bad epochs dropped
0 bad epochs dropped
[Parallel(n_jobs=4)]: Done 105 tasks      | elapsed:  1.4min
Using data from preloaded Raw for 3600 events and 256 original time points ...
Using data from preloaded Raw for 3600 events and 256 original time points ...
0 bad epochs dropped
0 bad epochs dropped
Using data from preloaded Raw for 3600 events and 256 original time points ...
Using data from preloaded Raw for 3600 events and 256 original time points ...
0 bad epochs dropped
0 bad epochs dropped
Using data from preloaded Raw for 3600 events and 256 original time points ...
0 bad epochs dropped
Using data from preloaded Raw for 3600 events and 256 original time points ...
0 bad epochs dropped
Using data from preloaded Raw for 3600 events and 256 original time points ...
Using data from preloaded Raw for 3600 events and 256 original time points ...
0 bad epochs dropped
0 bad epochs dropped
Using data from preloaded Raw for 3600 events and 256 original time points ...
0 bad epochs dropped
Using data from preloaded Raw for 14398 events and 256 original time points ...
0 bad epochs dropped
Using data from preloaded Raw for 14400 events and 256 original time points ...
Using data from preloaded Raw for 14400 events and 256 original time points ...
0 bad epochs dropped
0 bad epochs dropped
Using data from preloaded Raw for 14400 events and 256 original time points ...
0 bad epochs dropped
[Parallel(n_jobs=4)]: Done 120 tasks      | elapsed:  1.7min
Using data from preloaded Raw for 9536 events and 256 original time points ...
0 bad epochs dropped
Using data from preloaded Raw for 7496 events and 256 original time points ...
0 bad epochs dropped
Using data from preloaded Raw for 14400 events and 256 original time points ...
0 bad epochs dropped
Using data from preloaded Raw for 14400 events and 256 original time points ...
0 bad epochs dropped
Using data from preloaded Raw for 14400 events and 256 original time points ...
Using data from preloaded Raw for 14400 events and 256 original time points ...
0 bad epochs dropped
0 bad epochs dropped
Using data from preloaded Raw for 4832 events and 256 original time points ...
0 bad epochs dropped
Using data from preloaded Raw for 14420 events and 256 original time points ...
0 bad epochs dropped
Using data from preloaded Raw for 14398 events and 256 original time points ...
0 bad epochs dropped
Using data from preloaded Raw for 14418 events and 256 original time points ...
Using data from preloaded Raw for 14400 events and 256 original time points ...
0 bad epochs dropped
0 bad epochs dropped
Using data from preloaded Raw for 14400 events and 256 original time points ...
0 bad epochs dropped
Using data from preloaded Raw for 13732 events and 256 original time points ...
0 bad epochs dropped
Using data from preloaded Raw for 14425 events and 256 original time points ...
Using data from preloaded Raw for 14400 events and 256 original time points ...
0 bad epochs dropped
0 bad epochs dropped
Using data from preloaded Raw for 14400 events and 256 original time points ...
0 bad epochs dropped
Using data from preloaded Raw for 14400 events and 256 original time points ...
0 bad epochs dropped
Using data from preloaded Raw for 10684 events and 256 original time points ...
0 bad epochs dropped
Using data from preloaded Raw for 14406 events and 256 original time points ...
0 bad epochs dropped
[Parallel(n_jobs=4)]: Done 137 tasks      | elapsed:  2.6min
Using data from preloaded Raw for 14400 events and 256 original time points ...
0 bad epochs dropped
Using data from preloaded Raw for 14400 events and 256 original time points ...
Using data from preloaded Raw for 14427 events and 256 original time points ...
0 bad epochs dropped
0 bad epochs dropped
Using data from preloaded Raw for 14423 events and 256 original time points ...
0 bad epochs dropped
Using data from preloaded Raw for 14403 events and 256 original time points ...
0 bad epochs dropped
Using data from preloaded Raw for 14400 events and 256 original time points ...
Using data from preloaded Raw for 14400 events and 256 original time points ...
0 bad epochs dropped
0 bad epochs dropped
Using data from preloaded Raw for 14400 events and 256 original time points ...
0 bad epochs dropped
Using data from preloaded Raw for 14400 events and 256 original time points ...
0 bad epochs dropped
Using data from preloaded Raw for 14400 events and 256 original time points ...
Using data from preloaded Raw for 14400 events and 256 original time points ...
0 bad epochs dropped
0 bad epochs dropped
Using data from preloaded Raw for 14400 events and 256 original time points ...
0 bad epochs dropped
Using data from preloaded Raw for 5613 events and 256 original time points ...
0 bad epochs dropped
Using data from preloaded Raw for 14400 events and 256 original time points ...
Using data from preloaded Raw for 14400 events and 256 original time points ...
0 bad epochs dropped
0 bad epochs dropped
Using data from preloaded Raw for 14400 events and 256 original time points ...
0 bad epochs dropped
Using data from preloaded Raw for 14400 events and 256 original time points ...
0 bad epochs dropped
[Parallel(n_jobs=4)]: Done 154 tasks      | elapsed:  3.4min
Using data from preloaded Raw for 5823 events and 256 original time points ...
0 bad epochs dropped
Using data from preloaded Raw for 3610 events and 256 original time points ...
0 bad epochs dropped
Using data from preloaded Raw for 3600 events and 256 original time points ...
Using data from preloaded Raw for 14400 events and 256 original time points ...
Using data from preloaded Raw for 3600 events and 256 original time points ...
0 bad epochs dropped
0 bad epochs dropped
0 bad epochs dropped
Using data from preloaded Raw for 3600 events and 256 original time points ...
0 bad epochs dropped
Using data from preloaded Raw for 3600 events and 256 original time points ...
Using data from preloaded Raw for 3600 events and 256 original time points ...
0 bad epochs dropped
0 bad epochs dropped
Using data from preloaded Raw for 3600 events and 256 original time points ...
0 bad epochs dropped
Using data from preloaded Raw for 3600 events and 256 original time points ...
Using data from preloaded Raw for 3600 events and 256 original time points ...
0 bad epochs dropped
0 bad epochs dropped
Using data from preloaded Raw for 3600 events and 256 original time points ...
0 bad epochs dropped
Using data from preloaded Raw for 3600 events and 256 original time points ...
0 bad epochs dropped
Using data from preloaded Raw for 3600 events and 256 original time points ...
Using data from preloaded Raw for 3600 events and 256 original time points ...
0 bad epochs dropped
0 bad epochs dropped
Using data from preloaded Raw for 3600 events and 256 original time points ...
0 bad epochs dropped
Using data from preloaded Raw for 3600 events and 256 original time points ...
0 bad epochs dropped
Using data from preloaded Raw for 3600 events and 256 original time points ...
Using data from preloaded Raw for 3600 events and 256 original time points ...
0 bad epochs dropped
0 bad epochs dropped
[Parallel(n_jobs=4)]: Done 173 tasks      | elapsed:  3.7min
Using data from preloaded Raw for 3600 events and 256 original time points ...
0 bad epochs dropped
Using data from preloaded Raw for 3600 events and 256 original time points ...
0 bad epochs dropped
Using data from preloaded Raw for 3600 events and 256 original time points ...
Using data from preloaded Raw for 3600 events and 256 original time points ...
0 bad epochs dropped
0 bad epochs dropped
Using data from preloaded Raw for 3600 events and 256 original time points ...
0 bad epochs dropped
Using data from preloaded Raw for 3600 events and 256 original time points ...
0 bad epochs dropped
Using data from preloaded Raw for 3600 events and 256 original time points ...
Using data from preloaded Raw for 3600 events and 256 original time points ...
0 bad epochs dropped
0 bad epochs dropped
Using data from preloaded Raw for 3600 events and 256 original time points ...
0 bad epochs dropped
Using data from preloaded Raw for 3600 events and 256 original time points ...
0 bad epochs dropped
Using data from preloaded Raw for 3600 events and 256 original time points ...
Using data from preloaded Raw for 3600 events and 256 original time points ...
0 bad epochs dropped
0 bad epochs dropped
Using data from preloaded Raw for 3600 events and 256 original time points ...
0 bad epochs dropped
Using data from preloaded Raw for 3600 events and 256 original time points ...
0 bad epochs dropped
Using data from preloaded Raw for 3600 events and 256 original time points ...
Using data from preloaded Raw for 3600 events and 256 original time points ...
0 bad epochs dropped
0 bad epochs dropped
Using data from preloaded Raw for 3600 events and 256 original time points ...
0 bad epochs dropped
Using data from preloaded Raw for 3600 events and 256 original time points ...
0 bad epochs dropped
Using data from preloaded Raw for 3600 events and 256 original time points ...
[Parallel(n_jobs=4)]: Done 192 tasks      | elapsed:  4.0min
Using data from preloaded Raw for 3600 events and 256 original time points ...
0 bad epochs dropped
0 bad epochs dropped
Using data from preloaded Raw for 3600 events and 256 original time points ...
0 bad epochs dropped
Using data from preloaded Raw for 3600 events and 256 original time points ...
0 bad epochs dropped
Using data from preloaded Raw for 14427 events and 256 original time points ...
Using data from preloaded Raw for 14400 events and 256 original time points ...
0 bad epochs dropped
0 bad epochs dropped
Using data from preloaded Raw for 14400 events and 256 original time points ...
Using data from preloaded Raw for 13261 events and 256 original time points ...
0 bad epochs dropped
0 bad epochs dropped
Using data from preloaded Raw for 14400 events and 256 original time points ...
Using data from preloaded Raw for 14400 events and 256 original time points ...
0 bad epochs dropped
Using data from preloaded Raw for 14400 events and 256 original time points ...
0 bad epochs dropped
Using data from preloaded Raw for 14400 events and 256 original time points ...
0 bad epochs dropped
0 bad epochs dropped
Using data from preloaded Raw for 14400 events and 256 original time points ...
Using data from preloaded Raw for 14400 events and 256 original time points ...
0 bad epochs dropped
Using data from preloaded Raw for 14400 events and 256 original time points ...
0 bad epochs dropped
Using data from preloaded Raw for 14400 events and 256 original time points ...
0 bad epochs dropped
0 bad epochs dropped
Using data from preloaded Raw for 3030 events and 256 original time points ...
0 bad epochs dropped
Using data from preloaded Raw for 14400 events and 256 original time points ...
Using data from preloaded Raw for 14400 events and 256 original time points ...
Using data from preloaded Raw for 7928 events and 256 original time points ...
0 bad epochs dropped
0 bad epochs dropped
0 bad epochs dropped
Using data from preloaded Raw for 14400 events and 256 original time points ...
0 bad epochs dropped
[Parallel(n_jobs=4)]: Done 213 tasks      | elapsed:  4.8min
Using data from preloaded Raw for 14400 events and 256 original time points ...
0 bad epochs dropped
Using data from preloaded Raw for 14411 events and 256 original time points ...
0 bad epochs dropped
Using data from preloaded Raw for 14400 events and 256 original time points ...
0 bad epochs dropped
Using data from preloaded Raw for 14400 events and 256 original time points ...
0 bad epochs dropped
Using data from preloaded Raw for 4920 events and 256 original time points ...
Using data from preloaded Raw for 14400 events and 256 original time points ...
0 bad epochs dropped
Using data from preloaded Raw for 4660 events and 256 original time points ...
0 bad epochs dropped
0 bad epochs dropped
Using data from preloaded Raw for 14400 events and 256 original time points ...
0 bad epochs dropped
Using data from preloaded Raw for 14400 events and 256 original time points ...
Using data from preloaded Raw for 14400 events and 256 original time points ...
0 bad epochs dropped
0 bad epochs dropped
Using data from preloaded Raw for 14400 events and 256 original time points ...
0 bad epochs dropped
Using data from preloaded Raw for 14400 events and 256 original time points ...
0 bad epochs dropped
Using data from preloaded Raw for 3726 events and 256 original time points ...
0 bad epochs dropped
Using data from preloaded Raw for 14400 events and 256 original time points ...
0 bad epochs dropped
Using data from preloaded Raw for 14400 events and 256 original time points ...
0 bad epochs dropped
Using data from preloaded Raw for 14400 events and 256 original time points ...
0 bad epochs dropped
Using data from preloaded Raw for 14400 events and 256 original time points ...
0 bad epochs dropped
Using data from preloaded Raw for 14400 events and 256 original time points ...
0 bad epochs dropped
Using data from preloaded Raw for 12060 events and 256 original time points ...
Using data from preloaded Raw for 3600 events and 256 original time points ...
0 bad epochs dropped
0 bad epochs dropped
Using data from preloaded Raw for 14411 events and 256 original time points ...
0 bad epochs dropped
Using data from preloaded Raw for 3600 events and 256 original time points ...
0 bad epochs dropped
[Parallel(n_jobs=4)]: Done 234 tasks      | elapsed:  5.8min
Using data from preloaded Raw for 3600 events and 256 original time points ...
0 bad epochs dropped
Using data from preloaded Raw for 3600 events and 256 original time points ...
0 bad epochs dropped
Using data from preloaded Raw for 3600 events and 256 original time points ...
0 bad epochs dropped
Using data from preloaded Raw for 3600 events and 256 original time points ...
0 bad epochs dropped
Using data from preloaded Raw for 3600 events and 256 original time points ...
0 bad epochs dropped
Using data from preloaded Raw for 3600 events and 256 original time points ...
0 bad epochs dropped
Using data from preloaded Raw for 3600 events and 256 original time points ...
0 bad epochs dropped
Using data from preloaded Raw for 3600 events and 256 original time points ...
0 bad epochs dropped
Using data from preloaded Raw for 3600 events and 256 original time points ...
0 bad epochs dropped
Using data from preloaded Raw for 3600 events and 256 original time points ...
0 bad epochs dropped
Using data from preloaded Raw for 3600 events and 256 original time points ...
0 bad epochs dropped
Using data from preloaded Raw for 3600 events and 256 original time points ...
0 bad epochs dropped
Using data from preloaded Raw for 3600 events and 256 original time points ...
0 bad epochs dropped
Using data from preloaded Raw for 3600 events and 256 original time points ...
0 bad epochs dropped
Using data from preloaded Raw for 3600 events and 256 original time points ...
0 bad epochs dropped
Using data from preloaded Raw for 3600 events and 256 original time points ...
0 bad epochs dropped
Using data from preloaded Raw for 3600 events and 256 original time points ...
0 bad epochs dropped
Using data from preloaded Raw for 3623 events and 256 original time points ...
0 bad epochs dropped
Using data from preloaded Raw for 8023 events and 256 original time points ...
0 bad epochs dropped
Using data from preloaded Raw for 14399 events and 256 original time points ...
0 bad epochs dropped
Using data from preloaded Raw for 14400 events and 256 original time points ...
Using data from preloaded Raw for 14415 events and 256 original time points ...
0 bad epochs dropped
0 bad epochs dropped
Using data from preloaded Raw for 14400 events and 256 original time points ...
0 bad epochs dropped
[Parallel(n_jobs=4)]: Done 257 tasks      | elapsed:  6.2min
Using data from preloaded Raw for 14399 events and 256 original time points ...
0 bad epochs dropped
Using data from preloaded Raw for 14400 events and 256 original time points ...
Using data from preloaded Raw for 14400 events and 256 original time points ...
0 bad epochs dropped
0 bad epochs dropped
Using data from preloaded Raw for 14400 events and 256 original time points ...
0 bad epochs dropped
Using data from preloaded Raw for 14400 events and 256 original time points ...
0 bad epochs dropped
Using data from preloaded Raw for 14400 events and 256 original time points ...
0 bad epochs dropped
Using data from preloaded Raw for 14400 events and 256 original time points ...
0 bad epochs dropped
Using data from preloaded Raw for 14405 events and 256 original time points ...
0 bad epochs dropped
Using data from preloaded Raw for 14411 events and 256 original time points ...
0 bad epochs dropped
Using data from preloaded Raw for 974 events and 256 original time points ...
0 bad epochs dropped
Using data from preloaded Raw for 14421 events and 256 original time points ...
0 bad epochs dropped
Using data from preloaded Raw for 13591 events and 256 original time points ...
0 bad epochs dropped
Using data from preloaded Raw for 14400 events and 256 original time points ...
0 bad epochs dropped
Using data from preloaded Raw for 5700 events and 256 original time points ...
0 bad epochs dropped
Using data from preloaded Raw for 7220 events and 256 original time points ...
0 bad epochs dropped
Using data from preloaded Raw for 7200 events and 256 original time points ...
0 bad epochs dropped
Using data from preloaded Raw for 7200 events and 256 original time points ...
0 bad epochs dropped
Using data from preloaded Raw for 7200 events and 256 original time points ...
Using data from preloaded Raw for 7200 events and 256 original time points ...
0 bad epochs dropped
0 bad epochs dropped
Using data from preloaded Raw for 7200 events and 256 original time points ...
0 bad epochs dropped
Using data from preloaded Raw for 7200 events and 256 original time points ...
0 bad epochs dropped
Using data from preloaded Raw for 7200 events and 256 original time points ...
Using data from preloaded Raw for 7200 events and 256 original time points ...
0 bad epochs dropped
0 bad epochs dropped
Using data from preloaded Raw for 7200 events and 256 original time points ...
[Parallel(n_jobs=4)]: Done 280 tasks      | elapsed:  7.1min
0 bad epochs dropped
Using data from preloaded Raw for 7200 events and 256 original time points ...
0 bad epochs dropped
Using data from preloaded Raw for 7200 events and 256 original time points ...
Using data from preloaded Raw for 7200 events and 256 original time points ...
0 bad epochs dropped
0 bad epochs dropped
Using data from preloaded Raw for 7200 events and 256 original time points ...
0 bad epochs dropped
Using data from preloaded Raw for 7200 events and 256 original time points ...
0 bad epochs dropped
Using data from preloaded Raw for 7200 events and 256 original time points ...
Using data from preloaded Raw for 7212 events and 256 original time points ...
0 bad epochs dropped
0 bad epochs dropped
Using data from preloaded Raw for 7200 events and 256 original time points ...
0 bad epochs dropped
Using data from preloaded Raw for 7200 events and 256 original time points ...
0 bad epochs dropped
Using data from preloaded Raw for 7218 events and 256 original time points ...
Using data from preloaded Raw for 7200 events and 256 original time points ...
0 bad epochs dropped
0 bad epochs dropped
Using data from preloaded Raw for 7213 events and 256 original time points ...
0 bad epochs dropped
Using data from preloaded Raw for 7221 events and 256 original time points ...
0 bad epochs dropped
Using data from preloaded Raw for 7200 events and 256 original time points ...
Using data from preloaded Raw for 3598 events and 256 original time points ...
Using data from preloaded Raw for 7200 events and 256 original time points ...
0 bad epochs dropped
0 bad epochs dropped
0 bad epochs dropped
Using data from preloaded Raw for 3600 events and 256 original time points ...
0 bad epochs dropped
Using data from preloaded Raw for 3600 events and 256 original time points ...
0 bad epochs dropped
Using data from preloaded Raw for 3600 events and 256 original time points ...
Using data from preloaded Raw for 3600 events and 256 original time points ...
0 bad epochs dropped
0 bad epochs dropped
Using data from preloaded Raw for 3600 events and 256 original time points ...
0 bad epochs dropped
Using data from preloaded Raw for 3600 events and 256 original time points ...
0 bad epochs dropped
Using data from preloaded Raw for 3600 events and 256 original time points ...
Using data from preloaded Raw for 3600 events and 256 original time points ...
0 bad epochs dropped
[Parallel(n_jobs=4)]: Done 305 tasks      | elapsed:  7.6min
0 bad epochs dropped
Using data from preloaded Raw for 3600 events and 256 original time points ...
0 bad epochs dropped
Using data from preloaded Raw for 3600 events and 256 original time points ...
0 bad epochs dropped
Using data from preloaded Raw for 3600 events and 256 original time points ...
Using data from preloaded Raw for 3600 events and 256 original time points ...
0 bad epochs dropped
0 bad epochs dropped
Using data from preloaded Raw for 3600 events and 256 original time points ...
0 bad epochs dropped
Using data from preloaded Raw for 3600 events and 256 original time points ...
0 bad epochs dropped
Using data from preloaded Raw for 3600 events and 256 original time points ...
Using data from preloaded Raw for 3600 events and 256 original time points ...
0 bad epochs dropped
0 bad epochs dropped
Using data from preloaded Raw for 3600 events and 256 original time points ...
0 bad epochs dropped
Using data from preloaded Raw for 3600 events and 256 original time points ...
0 bad epochs dropped
Using data from preloaded Raw for 3600 events and 256 original time points ...
Using data from preloaded Raw for 3600 events and 256 original time points ...
0 bad epochs dropped
0 bad epochs dropped
Using data from preloaded Raw for 3600 events and 256 original time points ...
0 bad epochs dropped
Using data from preloaded Raw for 3600 events and 256 original time points ...
0 bad epochs dropped
Using data from preloaded Raw for 3600 events and 256 original time points ...
Using data from preloaded Raw for 3600 events and 256 original time points ...
0 bad epochs dropped
0 bad epochs dropped
Using data from preloaded Raw for 3600 events and 256 original time points ...
0 bad epochs dropped
Using data from preloaded Raw for 3600 events and 256 original time points ...
0 bad epochs dropped
Using data from preloaded Raw for 3600 events and 256 original time points ...
Using data from preloaded Raw for 3600 events and 256 original time points ...
0 bad epochs dropped
0 bad epochs dropped
Using data from preloaded Raw for 3600 events and 256 original time points ...
0 bad epochs dropped
Using data from preloaded Raw for 3600 events and 256 original time points ...
0 bad epochs dropped
Using data from preloaded Raw for 3600 events and 256 original time points ...
Using data from preloaded Raw for 3600 events and 256 original time points ...
0 bad epochs dropped
0 bad epochs dropped
Using data from preloaded Raw for 3600 events and 256 original time points ...
0 bad epochs dropped
Using data from preloaded Raw for 2859 events and 256 original time points ...
0 bad epochs dropped
[Parallel(n_jobs=4)]: Done 330 tasks      | elapsed:  8.0min
Using data from preloaded Raw for 3606 events and 256 original time points ...
Using data from preloaded Raw for 3600 events and 256 original time points ...
0 bad epochs dropped
0 bad epochs dropped
Using data from preloaded Raw for 3612 events and 256 original time points ...
0 bad epochs dropped
Using data from preloaded Raw for 3611 events and 256 original time points ...
0 bad epochs dropped
Using data from preloaded Raw for 2431 events and 256 original time points ...
0 bad epochs dropped
Using data from preloaded Raw for 3600 events and 256 original time points ...
0 bad epochs dropped
Using data from preloaded Raw for 3600 events and 256 original time points ...
0 bad epochs dropped
Using data from preloaded Raw for 3600 events and 256 original time points ...
0 bad epochs dropped
Using data from preloaded Raw for 3600 events and 256 original time points ...
0 bad epochs dropped
Using data from preloaded Raw for 3600 events and 256 original time points ...
0 bad epochs dropped
Using data from preloaded Raw for 3600 events and 256 original time points ...
0 bad epochs dropped
Using data from preloaded Raw for 3600 events and 256 original time points ...
0 bad epochs dropped
Using data from preloaded Raw for 3624 events and 256 original time points ...
0 bad epochs dropped
Using data from preloaded Raw for 3600 events and 256 original time points ...
0 bad epochs dropped
Using data from preloaded Raw for 3600 events and 256 original time points ...
0 bad epochs dropped
Using data from preloaded Raw for 3600 events and 256 original time points ...
0 bad epochs dropped
Using data from preloaded Raw for 3600 events and 256 original time points ...
0 bad epochs dropped
Using data from preloaded Raw for 3600 events and 256 original time points ...
0 bad epochs dropped
Using data from preloaded Raw for 3616 events and 256 original time points ...
0 bad epochs dropped
Using data from preloaded Raw for 3600 events and 256 original time points ...
0 bad epochs dropped
Using data from preloaded Raw for 3600 events and 256 original time points ...
0 bad epochs dropped
Using data from preloaded Raw for 3600 events and 256 original time points ...
0 bad epochs dropped
Using data from preloaded Raw for 3600 events and 256 original time points ...
0 bad epochs dropped
Using data from preloaded Raw for 3600 events and 256 original time points ...
0 bad epochs dropped
Using data from preloaded Raw for 3600 events and 256 original time points ...
0 bad epochs dropped
Using data from preloaded Raw for 3600 events and 256 original time points ...
[Parallel(n_jobs=4)]: Done 357 tasks      | elapsed:  8.3min
0 bad epochs dropped
Using data from preloaded Raw for 3600 events and 256 original time points ...
0 bad epochs dropped
Using data from preloaded Raw for 3600 events and 256 original time points ...
0 bad epochs dropped
Using data from preloaded Raw for 3600 events and 256 original time points ...
0 bad epochs dropped
Using data from preloaded Raw for 3600 events and 256 original time points ...
0 bad epochs dropped
Using data from preloaded Raw for 3600 events and 256 original time points ...
0 bad epochs dropped
Using data from preloaded Raw for 3600 events and 256 original time points ...
0 bad epochs dropped
Using data from preloaded Raw for 3600 events and 256 original time points ...
0 bad epochs dropped
Using data from preloaded Raw for 3600 events and 256 original time points ...
0 bad epochs dropped
Using data from preloaded Raw for 3600 events and 256 original time points ...
0 bad epochs dropped
Using data from preloaded Raw for 3600 events and 256 original time points ...
0 bad epochs dropped
Using data from preloaded Raw for 3600 events and 256 original time points ...
0 bad epochs dropped
Using data from preloaded Raw for 3600 events and 256 original time points ...
0 bad epochs dropped
Using data from preloaded Raw for 3600 events and 256 original time points ...
0 bad epochs dropped
Using data from preloaded Raw for 3600 events and 256 original time points ...
0 bad epochs dropped
Using data from preloaded Raw for 3600 events and 256 original time points ...
0 bad epochs dropped
Using data from preloaded Raw for 3600 events and 256 original time points ...
0 bad epochs dropped
Using data from preloaded Raw for 3600 events and 256 original time points ...
0 bad epochs dropped
Using data from preloaded Raw for 3600 events and 256 original time points ...
0 bad epochs dropped
Using data from preloaded Raw for 3600 events and 256 original time points ...
0 bad epochs dropped
Using data from preloaded Raw for 3600 events and 256 original time points ...
0 bad epochs dropped
Using data from preloaded Raw for 3600 events and 256 original time points ...
0 bad epochs dropped
Using data from preloaded Raw for 3600 events and 256 original time points ...
0 bad epochs dropped
Using data from preloaded Raw for 3600 events and 256 original time points ...
0 bad epochs dropped
Using data from preloaded Raw for 3600 events and 256 original time points ...
0 bad epochs dropped
Using data from preloaded Raw for 3600 events and 256 original time points ...
0 bad epochs dropped
Using data from preloaded Raw for 3600 events and 256 original time points ...
0 bad epochs dropped
Using data from preloaded Raw for 3600 events and 256 original time points ...
0 bad epochs dropped
[Parallel(n_jobs=4)]: Done 384 tasks      | elapsed:  8.6min
Using data from preloaded Raw for 3600 events and 256 original time points ...
0 bad epochs dropped
Using data from preloaded Raw for 3600 events and 256 original time points ...
0 bad epochs dropped
Using data from preloaded Raw for 3600 events and 256 original time points ...
0 bad epochs dropped
Using data from preloaded Raw for 3600 events and 256 original time points ...
0 bad epochs dropped
Using data from preloaded Raw for 3600 events and 256 original time points ...
0 bad epochs dropped
Using data from preloaded Raw for 3600 events and 256 original time points ...
0 bad epochs dropped
Using data from preloaded Raw for 3600 events and 256 original time points ...
0 bad epochs dropped
Using data from preloaded Raw for 3600 events and 256 original time points ...
0 bad epochs dropped
Using data from preloaded Raw for 3600 events and 256 original time points ...
0 bad epochs dropped
Using data from preloaded Raw for 3600 events and 256 original time points ...
0 bad epochs dropped
Using data from preloaded Raw for 3600 events and 256 original time points ...
0 bad epochs dropped
Using data from preloaded Raw for 3600 events and 256 original time points ...
0 bad epochs dropped
Using data from preloaded Raw for 3600 events and 256 original time points ...
0 bad epochs dropped
Using data from preloaded Raw for 3600 events and 256 original time points ...
0 bad epochs dropped
Using data from preloaded Raw for 3600 events and 256 original time points ...
0 bad epochs dropped
Using data from preloaded Raw for 3600 events and 256 original time points ...
0 bad epochs dropped
Using data from preloaded Raw for 3600 events and 256 original time points ...
0 bad epochs dropped
Using data from preloaded Raw for 3600 events and 256 original time points ...
0 bad epochs dropped
Using data from preloaded Raw for 3600 events and 256 original time points ...
0 bad epochs dropped
Using data from preloaded Raw for 3600 events and 256 original time points ...
0 bad epochs dropped
Using data from preloaded Raw for 3600 events and 256 original time points ...
0 bad epochs dropped
Using data from preloaded Raw for 3600 events and 256 original time points ...
0 bad epochs dropped
Using data from preloaded Raw for 3600 events and 256 original time points ...
0 bad epochs dropped
Using data from preloaded Raw for 3600 events and 256 original time points ...
0 bad epochs dropped
Using data from preloaded Raw for 3600 events and 256 original time points ...
0 bad epochs dropped
Using data from preloaded Raw for 3600 events and 256 original time points ...
0 bad epochs dropped
Using data from preloaded Raw for 3600 events and 256 original time points ...
0 bad epochs dropped
Using data from preloaded Raw for 3600 events and 256 original time points ...
0 bad epochs dropped
Using data from preloaded Raw for 3600 events and 256 original time points ...
0 bad epochs dropped
[Parallel(n_jobs=4)]: Done 413 tasks      | elapsed:  9.0min
Using data from preloaded Raw for 3600 events and 256 original time points ...
0 bad epochs dropped
Using data from preloaded Raw for 3602 events and 256 original time points ...
0 bad epochs dropped
Using data from preloaded Raw for 3600 events and 256 original time points ...
0 bad epochs dropped
Using data from preloaded Raw for 3600 events and 256 original time points ...
0 bad epochs dropped
Using data from preloaded Raw for 3600 events and 256 original time points ...
0 bad epochs dropped
Using data from preloaded Raw for 3600 events and 256 original time points ...
0 bad epochs dropped
Using data from preloaded Raw for 3600 events and 256 original time points ...
0 bad epochs dropped
Using data from preloaded Raw for 3600 events and 256 original time points ...
0 bad epochs dropped
Using data from preloaded Raw for 3600 events and 256 original time points ...
0 bad epochs dropped
Using data from preloaded Raw for 3600 events and 256 original time points ...
0 bad epochs dropped
Using data from preloaded Raw for 3600 events and 256 original time points ...
0 bad epochs dropped
Using data from preloaded Raw for 3600 events and 256 original time points ...
0 bad epochs dropped
Using data from preloaded Raw for 3600 events and 256 original time points ...
0 bad epochs dropped
Using data from preloaded Raw for 3600 events and 256 original time points ...
0 bad epochs dropped
Using data from preloaded Raw for 3600 events and 256 original time points ...
0 bad epochs dropped
Using data from preloaded Raw for 3600 events and 256 original time points ...
0 bad epochs dropped
Using data from preloaded Raw for 3600 events and 256 original time points ...
0 bad epochs dropped
Using data from preloaded Raw for 3600 events and 256 original time points ...
0 bad epochs dropped
Using data from preloaded Raw for 3600 events and 256 original time points ...
0 bad epochs dropped
Using data from preloaded Raw for 3600 events and 256 original time points ...
0 bad epochs dropped
Using data from preloaded Raw for 3600 events and 256 original time points ...
0 bad epochs dropped
Using data from preloaded Raw for 3600 events and 256 original time points ...
0 bad epochs dropped
Using data from preloaded Raw for 3600 events and 256 original time points ...
Using data from preloaded Raw for 3600 events and 256 original time points ...
0 bad epochs dropped
0 bad epochs dropped
Using data from preloaded Raw for 3600 events and 256 original time points ...
0 bad epochs dropped
Using data from preloaded Raw for 3600 events and 256 original time points ...
0 bad epochs dropped
Using data from preloaded Raw for 3600 events and 256 original time points ...
Using data from preloaded Raw for 3600 events and 256 original time points ...
0 bad epochs dropped
0 bad epochs dropped
Using data from preloaded Raw for 3600 events and 256 original time points ...
0 bad epochs dropped
[Parallel(n_jobs=4)]: Done 442 tasks      | elapsed:  9.4min
Using data from preloaded Raw for 3600 events and 256 original time points ...
0 bad epochs dropped
Using data from preloaded Raw for 3600 events and 256 original time points ...
Using data from preloaded Raw for 3600 events and 256 original time points ...
0 bad epochs dropped
0 bad epochs dropped
Using data from preloaded Raw for 3600 events and 256 original time points ...
0 bad epochs dropped
Using data from preloaded Raw for 3625 events and 256 original time points ...
0 bad epochs dropped
Using data from preloaded Raw for 3600 events and 256 original time points ...
Using data from preloaded Raw for 3600 events and 256 original time points ...
0 bad epochs dropped
0 bad epochs dropped
Using data from preloaded Raw for 3609 events and 256 original time points ...
0 bad epochs dropped
Using data from preloaded Raw for 3600 events and 256 original time points ...
0 bad epochs dropped
Using data from preloaded Raw for 3600 events and 256 original time points ...
Using data from preloaded Raw for 3600 events and 256 original time points ...
0 bad epochs dropped
0 bad epochs dropped
Using data from preloaded Raw for 3600 events and 256 original time points ...
0 bad epochs dropped
Using data from preloaded Raw for 3600 events and 256 original time points ...
0 bad epochs dropped
Using data from preloaded Raw for 3600 events and 256 original time points ...
Using data from preloaded Raw for 3600 events and 256 original time points ...
0 bad epochs dropped
0 bad epochs dropped
Using data from preloaded Raw for 3600 events and 256 original time points ...
0 bad epochs dropped
Using data from preloaded Raw for 3600 events and 256 original time points ...
0 bad epochs dropped
Using data from preloaded Raw for 3600 events and 256 original time points ...
0 bad epochs dropped
Using data from preloaded Raw for 3600 events and 256 original time points ...
0 bad epochs dropped
Using data from preloaded Raw for 3600 events and 256 original time points ...
0 bad epochs dropped
Using data from preloaded Raw for 3600 events and 256 original time points ...
0 bad epochs dropped
Using data from preloaded Raw for 3600 events and 256 original time points ...
0 bad epochs dropped
Using data from preloaded Raw for 3600 events and 256 original time points ...
0 bad epochs dropped
Using data from preloaded Raw for 3600 events and 256 original time points ...
0 bad epochs dropped
Using data from preloaded Raw for 3600 events and 256 original time points ...
0 bad epochs dropped
Using data from preloaded Raw for 3600 events and 256 original time points ...
0 bad epochs dropped
Using data from preloaded Raw for 3600 events and 256 original time points ...
0 bad epochs dropped
Using data from preloaded Raw for 3600 events and 256 original time points ...
0 bad epochs dropped
Using data from preloaded Raw for 3600 events and 256 original time points ...
0 bad epochs dropped
Using data from preloaded Raw for 3600 events and 256 original time points ...
0 bad epochs dropped
Using data from preloaded Raw for 3600 events and 256 original time points ...
0 bad epochs dropped
Using data from preloaded Raw for 3600 events and 256 original time points ...
0 bad epochs dropped
[Parallel(n_jobs=4)]: Done 473 tasks      | elapsed:  9.8min
Using data from preloaded Raw for 3600 events and 256 original time points ...
0 bad epochs dropped
Using data from preloaded Raw for 3600 events and 256 original time points ...
0 bad epochs dropped
Using data from preloaded Raw for 3600 events and 256 original time points ...
0 bad epochs dropped
Using data from preloaded Raw for 3600 events and 256 original time points ...
0 bad epochs dropped
Using data from preloaded Raw for 3600 events and 256 original time points ...
0 bad epochs dropped
Using data from preloaded Raw for 3600 events and 256 original time points ...
0 bad epochs dropped
Using data from preloaded Raw for 3600 events and 256 original time points ...
0 bad epochs dropped
Using data from preloaded Raw for 3600 events and 256 original time points ...
0 bad epochs dropped
Using data from preloaded Raw for 3624 events and 256 original time points ...
0 bad epochs dropped
Using data from preloaded Raw for 3600 events and 256 original time points ...
0 bad epochs dropped
Using data from preloaded Raw for 3600 events and 256 original time points ...
0 bad epochs dropped
Using data from preloaded Raw for 3600 events and 256 original time points ...
0 bad epochs dropped
Using data from preloaded Raw for 3600 events and 256 original time points ...
0 bad epochs dropped
Using data from preloaded Raw for 3600 events and 256 original time points ...
0 bad epochs dropped
Using data from preloaded Raw for 3600 events and 256 original time points ...
Using data from preloaded Raw for 3600 events and 256 original time points ...
0 bad epochs dropped
0 bad epochs dropped
Using data from preloaded Raw for 3600 events and 256 original time points ...
0 bad epochs dropped
Using data from preloaded Raw for 3600 events and 256 original time points ...
0 bad epochs dropped
Using data from preloaded Raw for 3600 events and 256 original time points ...
Using data from preloaded Raw for 3600 events and 256 original time points ...
0 bad epochs dropped
0 bad epochs dropped
Using data from preloaded Raw for 3611 events and 256 original time points ...
0 bad epochs dropped
Using data from preloaded Raw for 3600 events and 256 original time points ...
0 bad epochs dropped
Using data from preloaded Raw for 3600 events and 256 original time points ...
Using data from preloaded Raw for 3600 events and 256 original time points ...
0 bad epochs dropped
0 bad epochs dropped
Using data from preloaded Raw for 3600 events and 256 original time points ...
0 bad epochs dropped
Using data from preloaded Raw for 3600 events and 256 original time points ...
0 bad epochs dropped
Using data from preloaded Raw for 3600 events and 256 original time points ...
Using data from preloaded Raw for 3600 events and 256 original time points ...
0 bad epochs dropped
0 bad epochs dropped
Using data from preloaded Raw for 3600 events and 256 original time points ...
[Parallel(n_jobs=4)]: Done 504 tasks      | elapsed: 10.2min
0 bad epochs dropped
Using data from preloaded Raw for 3600 events and 256 original time points ...
0 bad epochs dropped
Using data from preloaded Raw for 3600 events and 256 original time points ...
Using data from preloaded Raw for 3600 events and 256 original time points ...
0 bad epochs dropped
0 bad epochs dropped
Using data from preloaded Raw for 3600 events and 256 original time points ...
0 bad epochs dropped
Using data from preloaded Raw for 3600 events and 256 original time points ...
0 bad epochs dropped
Using data from preloaded Raw for 3600 events and 256 original time points ...
Using data from preloaded Raw for 3600 events and 256 original time points ...
0 bad epochs dropped
0 bad epochs dropped
Using data from preloaded Raw for 3600 events and 256 original time points ...
0 bad epochs dropped
Using data from preloaded Raw for 3600 events and 256 original time points ...
0 bad epochs dropped
Using data from preloaded Raw for 3600 events and 256 original time points ...
Using data from preloaded Raw for 3600 events and 256 original time points ...
0 bad epochs dropped
0 bad epochs dropped
Using data from preloaded Raw for 3600 events and 256 original time points ...
0 bad epochs dropped
Using data from preloaded Raw for 3600 events and 256 original time points ...
0 bad epochs dropped
Using data from preloaded Raw for 3600 events and 256 original time points ...
Using data from preloaded Raw for 3600 events and 256 original time points ...
0 bad epochs dropped
0 bad epochs dropped
Using data from preloaded Raw for 3600 events and 256 original time points ...
0 bad epochs dropped
Using data from preloaded Raw for 3600 events and 256 original time points ...
0 bad epochs dropped
Using data from preloaded Raw for 3600 events and 256 original time points ...
Using data from preloaded Raw for 3600 events and 256 original time points ...
0 bad epochs dropped
0 bad epochs dropped
Using data from preloaded Raw for 3600 events and 256 original time points ...
0 bad epochs dropped
Using data from preloaded Raw for 3600 events and 256 original time points ...
0 bad epochs dropped
Using data from preloaded Raw for 2274 events and 256 original time points ...
0 bad epochs dropped
Using data from preloaded Raw for 3600 events and 256 original time points ...
0 bad epochs dropped
Using data from preloaded Raw for 3600 events and 256 original time points ...
0 bad epochs dropped
Using data from preloaded Raw for 3600 events and 256 original time points ...
0 bad epochs dropped
Using data from preloaded Raw for 3600 events and 256 original time points ...
0 bad epochs dropped
Using data from preloaded Raw for 3600 events and 256 original time points ...
0 bad epochs dropped
Using data from preloaded Raw for 3600 events and 256 original time points ...
0 bad epochs dropped
Using data from preloaded Raw for 3600 events and 256 original time points ...
0 bad epochs dropped
Using data from preloaded Raw for 3600 events and 256 original time points ...
0 bad epochs dropped
Using data from preloaded Raw for 3600 events and 256 original time points ...
0 bad epochs dropped
Using data from preloaded Raw for 3600 events and 256 original time points ...
0 bad epochs dropped
Using data from preloaded Raw for 3600 events and 256 original time points ...
0 bad epochs dropped
Using data from preloaded Raw for 3600 events and 256 original time points ...
0 bad epochs dropped
Using data from preloaded Raw for 3600 events and 256 original time points ...
0 bad epochs dropped
[Parallel(n_jobs=4)]: Done 537 tasks      | elapsed: 10.6min
Using data from preloaded Raw for 3600 events and 256 original time points ...
0 bad epochs dropped
Using data from preloaded Raw for 3600 events and 256 original time points ...
0 bad epochs dropped
Using data from preloaded Raw for 3600 events and 256 original time points ...
0 bad epochs dropped
Using data from preloaded Raw for 3600 events and 256 original time points ...
0 bad epochs dropped
Using data from preloaded Raw for 3600 events and 256 original time points ...
0 bad epochs dropped
Using data from preloaded Raw for 3600 events and 256 original time points ...
0 bad epochs dropped
Using data from preloaded Raw for 3600 events and 256 original time points ...
0 bad epochs dropped
Using data from preloaded Raw for 3600 events and 256 original time points ...
0 bad epochs dropped
Using data from preloaded Raw for 3600 events and 256 original time points ...
0 bad epochs dropped
Using data from preloaded Raw for 3600 events and 256 original time points ...
0 bad epochs dropped
Using data from preloaded Raw for 3600 events and 256 original time points ...
0 bad epochs dropped
Using data from preloaded Raw for 3600 events and 256 original time points ...
0 bad epochs dropped
Using data from preloaded Raw for 3600 events and 256 original time points ...
0 bad epochs dropped
Using data from preloaded Raw for 3600 events and 256 original time points ...
0 bad epochs dropped
Using data from preloaded Raw for 3600 events and 256 original time points ...
0 bad epochs dropped
Using data from preloaded Raw for 3600 events and 256 original time points ...
0 bad epochs dropped
Using data from preloaded Raw for 3600 events and 256 original time points ...
0 bad epochs dropped
Using data from preloaded Raw for 3600 events and 256 original time points ...
0 bad epochs dropped
Using data from preloaded Raw for 3600 events and 256 original time points ...
0 bad epochs dropped
Using data from preloaded Raw for 3612 events and 256 original time points ...
0 bad epochs dropped
Using data from preloaded Raw for 3600 events and 256 original time points ...
Using data from preloaded Raw for 3334 events and 256 original time points ...
0 bad epochs dropped
0 bad epochs dropped
Using data from preloaded Raw for 3606 events and 256 original time points ...
0 bad epochs dropped
Using data from preloaded Raw for 3600 events and 256 original time points ...
0 bad epochs dropped
Using data from preloaded Raw for 3600 events and 256 original time points ...
Using data from preloaded Raw for 3600 events and 256 original time points ...
0 bad epochs dropped
0 bad epochs dropped
Using data from preloaded Raw for 3600 events and 256 original time points ...
0 bad epochs dropped
Using data from preloaded Raw for 3600 events and 256 original time points ...
0 bad epochs dropped
Using data from preloaded Raw for 3600 events and 256 original time points ...
Using data from preloaded Raw for 3600 events and 256 original time points ...
0 bad epochs dropped
0 bad epochs dropped
Using data from preloaded Raw for 3600 events and 256 original time points ...
0 bad epochs dropped
Using data from preloaded Raw for 3600 events and 256 original time points ...
0 bad epochs dropped
[Parallel(n_jobs=4)]: Done 570 tasks      | elapsed: 11.1min
Using data from preloaded Raw for 3600 events and 256 original time points ...
Using data from preloaded Raw for 3600 events and 256 original time points ...
0 bad epochs dropped
0 bad epochs dropped
Using data from preloaded Raw for 3600 events and 256 original time points ...
0 bad epochs dropped
Using data from preloaded Raw for 3469 events and 256 original time points ...
0 bad epochs dropped
Using data from preloaded Raw for 742 events and 256 original time points ...
0 bad epochs dropped
Using data from preloaded Raw for 3600 events and 256 original time points ...
Using data from preloaded Raw for 3618 events and 256 original time points ...
0 bad epochs dropped
0 bad epochs dropped
Using data from preloaded Raw for 2964 events and 256 original time points ...
0 bad epochs dropped
Using data from preloaded Raw for 3600 events and 256 original time points ...
0 bad epochs dropped
Using data from preloaded Raw for 3600 events and 256 original time points ...
Using data from preloaded Raw for 3600 events and 256 original time points ...
0 bad epochs dropped
0 bad epochs dropped
Using data from preloaded Raw for 3600 events and 256 original time points ...
0 bad epochs dropped
Using data from preloaded Raw for 3600 events and 256 original time points ...
0 bad epochs dropped
Using data from preloaded Raw for 3600 events and 256 original time points ...
Using data from preloaded Raw for 3600 events and 256 original time points ...
0 bad epochs dropped
0 bad epochs dropped
Using data from preloaded Raw for 3600 events and 256 original time points ...
0 bad epochs dropped
Using data from preloaded Raw for 3600 events and 256 original time points ...
0 bad epochs dropped
Using data from preloaded Raw for 2167 events and 256 original time points ...
0 bad epochs dropped
Using data from preloaded Raw for 3600 events and 256 original time points ...
0 bad epochs dropped
Using data from preloaded Raw for 3600 events and 256 original time points ...
0 bad epochs dropped
Using data from preloaded Raw for 3600 events and 256 original time points ...
0 bad epochs dropped
Using data from preloaded Raw for 3600 events and 256 original time points ...
0 bad epochs dropped
Using data from preloaded Raw for 3600 events and 256 original time points ...
0 bad epochs dropped
Using data from preloaded Raw for 3600 events and 256 original time points ...
0 bad epochs dropped
Using data from preloaded Raw for 3600 events and 256 original time points ...
0 bad epochs dropped
Using data from preloaded Raw for 3600 events and 256 original time points ...
0 bad epochs dropped
Using data from preloaded Raw for 3600 events and 256 original time points ...
0 bad epochs dropped
Using data from preloaded Raw for 3600 events and 256 original time points ...
0 bad epochs dropped
Using data from preloaded Raw for 3600 events and 256 original time points ...
0 bad epochs dropped
Using data from preloaded Raw for 3600 events and 256 original time points ...
0 bad epochs dropped
Using data from preloaded Raw for 3600 events and 256 original time points ...
0 bad epochs dropped
Using data from preloaded Raw for 3600 events and 256 original time points ...
0 bad epochs dropped
Using data from preloaded Raw for 3600 events and 256 original time points ...
0 bad epochs dropped
Using data from preloaded Raw for 3600 events and 256 original time points ...
0 bad epochs dropped
Using data from preloaded Raw for 3599 events and 256 original time points ...
0 bad epochs dropped
[Parallel(n_jobs=4)]: Done 605 tasks      | elapsed: 11.5min
Using data from preloaded Raw for 3600 events and 256 original time points ...
0 bad epochs dropped
Using data from preloaded Raw for 3600 events and 256 original time points ...
0 bad epochs dropped
Using data from preloaded Raw for 3600 events and 256 original time points ...
0 bad epochs dropped
Using data from preloaded Raw for 2990 events and 256 original time points ...
0 bad epochs dropped
Using data from preloaded Raw for 3600 events and 256 original time points ...
0 bad epochs dropped
Using data from preloaded Raw for 3600 events and 256 original time points ...
0 bad epochs dropped
Using data from preloaded Raw for 3600 events and 256 original time points ...
0 bad epochs dropped
Using data from preloaded Raw for 3600 events and 256 original time points ...
0 bad epochs dropped
Using data from preloaded Raw for 3600 events and 256 original time points ...
0 bad epochs dropped
Using data from preloaded Raw for 3600 events and 256 original time points ...
0 bad epochs dropped
Using data from preloaded Raw for 3600 events and 256 original time points ...
0 bad epochs dropped
Using data from preloaded Raw for 3600 events and 256 original time points ...
0 bad epochs dropped
Using data from preloaded Raw for 3600 events and 256 original time points ...
0 bad epochs dropped
Using data from preloaded Raw for 3600 events and 256 original time points ...
0 bad epochs dropped
Using data from preloaded Raw for 3600 events and 256 original time points ...
0 bad epochs dropped
Using data from preloaded Raw for 3600 events and 256 original time points ...
0 bad epochs dropped
Using data from preloaded Raw for 3600 events and 256 original time points ...
0 bad epochs dropped
Using data from preloaded Raw for 3600 events and 256 original time points ...
0 bad epochs dropped
Using data from preloaded Raw for 3600 events and 256 original time points ...
0 bad epochs dropped
Using data from preloaded Raw for 3600 events and 256 original time points ...
0 bad epochs dropped
Using data from preloaded Raw for 3600 events and 256 original time points ...
0 bad epochs dropped
Using data from preloaded Raw for 3600 events and 256 original time points ...
0 bad epochs dropped
Using data from preloaded Raw for 3600 events and 256 original time points ...
0 bad epochs dropped
Using data from preloaded Raw for 3600 events and 256 original time points ...
0 bad epochs dropped
Using data from preloaded Raw for 3600 events and 256 original time points ...
0 bad epochs dropped
Using data from preloaded Raw for 3600 events and 256 original time points ...
0 bad epochs dropped
Using data from preloaded Raw for 3600 events and 256 original time points ...
0 bad epochs dropped
Using data from preloaded Raw for 3611 events and 256 original time points ...
0 bad epochs dropped
Using data from preloaded Raw for 3600 events and 256 original time points ...
0 bad epochs dropped
Using data from preloaded Raw for 3600 events and 256 original time points ...
0 bad epochs dropped
Using data from preloaded Raw for 3600 events and 256 original time points ...
0 bad epochs dropped
Using data from preloaded Raw for 3600 events and 256 original time points ...
0 bad epochs dropped
Using data from preloaded Raw for 3600 events and 256 original time points ...
0 bad epochs dropped
Using data from preloaded Raw for 3600 events and 256 original time points ...
0 bad epochs dropped
Using data from preloaded Raw for 3600 events and 256 original time points ...
[Parallel(n_jobs=4)]: Done 640 tasks      | elapsed: 12.0min
0 bad epochs dropped
Using data from preloaded Raw for 3600 events and 256 original time points ...
0 bad epochs dropped
Using data from preloaded Raw for 3600 events and 256 original time points ...
0 bad epochs dropped
Using data from preloaded Raw for 3600 events and 256 original time points ...
0 bad epochs dropped
Using data from preloaded Raw for 3600 events and 256 original time points ...
0 bad epochs dropped
Using data from preloaded Raw for 3600 events and 256 original time points ...
0 bad epochs dropped
Using data from preloaded Raw for 3600 events and 256 original time points ...
0 bad epochs dropped
Using data from preloaded Raw for 3600 events and 256 original time points ...
0 bad epochs dropped
Using data from preloaded Raw for 3600 events and 256 original time points ...
0 bad epochs dropped
Using data from preloaded Raw for 3600 events and 256 original time points ...
0 bad epochs dropped
Using data from preloaded Raw for 3600 events and 256 original time points ...
0 bad epochs dropped
Using data from preloaded Raw for 3600 events and 256 original time points ...
0 bad epochs dropped
Using data from preloaded Raw for 3600 events and 256 original time points ...
0 bad epochs dropped
Using data from preloaded Raw for 3600 events and 256 original time points ...
0 bad epochs dropped
Using data from preloaded Raw for 2560 events and 256 original time points ...
Using data from preloaded Raw for 7486 events and 256 original time points ...
0 bad epochs dropped
0 bad epochs dropped
Using data from preloaded Raw for 10342 events and 256 original time points ...
0 bad epochs dropped
Using data from preloaded Raw for 14426 events and 256 original time points ...
0 bad epochs dropped
Using data from preloaded Raw for 14400 events and 256 original time points ...
0 bad epochs dropped
Using data from preloaded Raw for 14400 events and 256 original time points ...
0 bad epochs dropped
Using data from preloaded Raw for 12587 events and 256 original time points ...
0 bad epochs dropped
Using data from preloaded Raw for 5009 events and 256 original time points ...
0 bad epochs dropped
Using data from preloaded Raw for 3600 events and 256 original time points ...
0 bad epochs dropped
Using data from preloaded Raw for 14400 events and 256 original time points ...
0 bad epochs dropped
Using data from preloaded Raw for 3600 events and 256 original time points ...
0 bad epochs dropped
Using data from preloaded Raw for 3600 events and 256 original time points ...
0 bad epochs dropped
Using data from preloaded Raw for 3600 events and 256 original time points ...
0 bad epochs dropped
Using data from preloaded Raw for 3600 events and 256 original time points ...
0 bad epochs dropped
Using data from preloaded Raw for 3600 events and 256 original time points ...
0 bad epochs dropped
Using data from preloaded Raw for 3600 events and 256 original time points ...
0 bad epochs dropped
Using data from preloaded Raw for 3600 events and 256 original time points ...
0 bad epochs dropped
Using data from preloaded Raw for 3600 events and 256 original time points ...
0 bad epochs dropped
Using data from preloaded Raw for 3600 events and 256 original time points ...
Using data from preloaded Raw for 3600 events and 256 original time points ...
0 bad epochs dropped
0 bad epochs dropped
Using data from preloaded Raw for 3600 events and 256 original time points ...
0 bad epochs dropped
Using data from preloaded Raw for 3600 events and 256 original time points ...
0 bad epochs dropped
Using data from preloaded Raw for 3600 events and 256 original time points ...
Using data from preloaded Raw for 3600 events and 256 original time points ...
0 bad epochs dropped
0 bad epochs dropped
[Parallel(n_jobs=4)]: Done 677 tasks      | elapsed: 12.7min
Using data from preloaded Raw for 3600 events and 256 original time points ...
0 bad epochs dropped
Using data from preloaded Raw for 3600 events and 256 original time points ...
0 bad epochs dropped
Using data from preloaded Raw for 3600 events and 256 original time points ...
Using data from preloaded Raw for 3600 events and 256 original time points ...
0 bad epochs dropped
0 bad epochs dropped
Using data from preloaded Raw for 3600 events and 256 original time points ...
Using data from preloaded Raw for 1067 events and 256 original time points ...
0 bad epochs dropped
0 bad epochs dropped
Using data from preloaded Raw for 3600 events and 256 original time points ...
0 bad epochs dropped
[Parallel(n_jobs=4)]: Done 686 out of 686 | elapsed: 12.8min finished
[  10%] Building grouped cache for held-out chb01
[13:18:52] [Cache-GroupKFold] folds=5
[13:18:53] [Cache-GroupKFold] fold 1/5 train_files=497 val_files=147
[13:18:58] [XGBoost] device=cuda
/home/junior941230/workspace/QUBO-APP/.venv/lib/python3.12/site-packages/xgboost/core.py:751: UserWarning: [13:19:02] WARNING: /__w/xgboost/xgboost/src/common/error_msg.cc:62: Falling back to prediction using DMatrix due to mismatched devices. This might lead to higher memory usage and slower performance. XGBoost is running on: cuda:0, while the input data is on: cpu.
Potential solutions:
- Use a data structure that matches the device ordinal in the booster.
- Set the device for booster before call to inplace_predict.

This warning will only be shown once.

  return func(**kwargs)
[13:19:03] [Cache-GroupKFold] fold 2/5 train_files=479 val_files=165
[13:19:03] [XGBoost] device=cuda
[13:19:08] [Cache-GroupKFold] fold 3/5 train_files=494 val_files=150
[13:19:08] [XGBoost] device=cuda
[13:19:13] [Cache-GroupKFold] fold 4/5 train_files=558 val_files=86
[13:19:13] [XGBoost] device=cuda
[13:19:18] [Cache-GroupKFold] fold 5/5 train_files=548 val_files=96
[13:19:18] [XGBoost] device=cuda
[13:19:22] [Cache-GroupKFold] done, cached_files=644
[  10%] Building grouped cache for held-out chb02
[13:19:22] [Cache-GroupKFold] folds=5
[13:19:23] [Cache-GroupKFold] fold 1/5 train_files=497 val_files=153
[13:19:23] [XGBoost] device=cuda
[13:19:27] [Cache-GroupKFold] fold 2/5 train_files=485 val_files=165
[13:19:28] [XGBoost] device=cuda
[13:19:32] [Cache-GroupKFold] fold 3/5 train_files=500 val_files=150
[13:19:32] [XGBoost] device=cuda
[13:19:37] [Cache-GroupKFold] fold 4/5 train_files=564 val_files=86
[13:19:37] [XGBoost] device=cuda
[13:19:42] [Cache-GroupKFold] fold 5/5 train_files=554 val_files=96
[13:19:42] [XGBoost] device=cuda
[13:19:47] [Cache-GroupKFold] done, cached_files=650
[  11%] Building grouped cache for held-out chb03
[13:19:47] [Cache-GroupKFold] folds=5
[13:19:47] [Cache-GroupKFold] fold 1/5 train_files=495 val_files=153
[13:19:47] [XGBoost] device=cuda
[13:19:52] [Cache-GroupKFold] fold 2/5 train_files=485 val_files=163
[13:19:52] [XGBoost] device=cuda
[13:19:57] [Cache-GroupKFold] fold 3/5 train_files=498 val_files=150
[13:19:57] [XGBoost] device=cuda
[13:20:02] [Cache-GroupKFold] fold 4/5 train_files=562 val_files=86
[13:20:02] [XGBoost] device=cuda
[13:20:06] [Cache-GroupKFold] fold 5/5 train_files=552 val_files=96
[13:20:07] [XGBoost] device=cuda
[13:20:11] [Cache-GroupKFold] done, cached_files=648
[  11%] Building grouped cache for held-out chb04
[13:20:11] [Cache-GroupKFold] folds=5
[13:20:11] [Cache-GroupKFold] fold 1/5 train_files=491 val_files=153
[13:20:12] [XGBoost] device=cuda
[13:20:16] [Cache-GroupKFold] fold 2/5 train_files=485 val_files=159
[13:20:16] [XGBoost] device=cuda
[13:20:20] [Cache-GroupKFold] fold 3/5 train_files=494 val_files=150
[13:20:20] [XGBoost] device=cuda
[13:20:24] [Cache-GroupKFold] fold 4/5 train_files=558 val_files=86
[13:20:24] [XGBoost] device=cuda
[13:20:29] [Cache-GroupKFold] fold 5/5 train_files=548 val_files=96
[13:20:29] [XGBoost] device=cuda
[13:20:33] [Cache-GroupKFold] done, cached_files=644
[  11%] Building grouped cache for held-out chb05
[13:20:33] [Cache-GroupKFold] folds=5
[13:20:33] [Cache-GroupKFold] fold 1/5 train_files=494 val_files=153
[13:20:33] [XGBoost] device=cuda
[13:20:38] [Cache-GroupKFold] fold 2/5 train_files=488 val_files=159
[13:20:38] [XGBoost] device=cuda
[13:20:43] [Cache-GroupKFold] fold 3/5 train_files=494 val_files=153
[13:20:43] [XGBoost] device=cuda
[13:20:48] [Cache-GroupKFold] fold 4/5 train_files=561 val_files=86
[13:20:48] [XGBoost] device=cuda
[13:20:53] [Cache-GroupKFold] fold 5/5 train_files=551 val_files=96
[13:20:53] [XGBoost] device=cuda
[13:20:57] [Cache-GroupKFold] done, cached_files=647
[  11%] Building grouped cache for held-out chb06
[13:20:57] [Cache-GroupKFold] folds=5
[13:20:58] [Cache-GroupKFold] fold 1/5 train_files=515 val_files=153
[13:20:58] [XGBoost] device=cuda
[13:21:02] [Cache-GroupKFold] fold 2/5 train_files=509 val_files=159
[13:21:02] [XGBoost] device=cuda
[13:21:07] [Cache-GroupKFold] fold 3/5 train_files=494 val_files=174
[13:21:07] [XGBoost] device=cuda
[13:21:12] [Cache-GroupKFold] fold 4/5 train_files=582 val_files=86
[13:21:12] [XGBoost] device=cuda
[13:21:16] [Cache-GroupKFold] fold 5/5 train_files=572 val_files=96
[13:21:17] [XGBoost] device=cuda
[13:21:21] [Cache-GroupKFold] done, cached_files=668
[  11%] Building grouped cache for held-out chb07
[13:21:21] [Cache-GroupKFold] folds=5
[13:21:21] [Cache-GroupKFold] fold 1/5 train_files=514 val_files=153
[13:21:21] [XGBoost] device=cuda
[13:21:26] [Cache-GroupKFold] fold 2/5 train_files=509 val_files=158
[13:21:26] [XGBoost] device=cuda
[13:21:31] [Cache-GroupKFold] fold 3/5 train_files=493 val_files=174
[13:21:31] [XGBoost] device=cuda
[13:21:35] [Cache-GroupKFold] fold 4/5 train_files=581 val_files=86
[13:21:35] [XGBoost] device=cuda
[13:21:40] [Cache-GroupKFold] fold 5/5 train_files=571 val_files=96
[13:21:40] [XGBoost] device=cuda
[13:21:45] [Cache-GroupKFold] done, cached_files=667
[  12%] Building grouped cache for held-out chb08
[13:21:45] [Cache-GroupKFold] folds=5
[13:21:45] [Cache-GroupKFold] fold 1/5 train_files=513 val_files=153
[13:21:45] [XGBoost] device=cuda
[13:21:50] [Cache-GroupKFold] fold 2/5 train_files=508 val_files=158
[13:21:50] [XGBoost] device=cuda
[13:21:55] [Cache-GroupKFold] fold 3/5 train_files=492 val_files=174
[13:21:55] [XGBoost] device=cuda
[13:22:00] [Cache-GroupKFold] fold 4/5 train_files=580 val_files=86
[13:22:00] [XGBoost] device=cuda
[13:22:05] [Cache-GroupKFold] fold 5/5 train_files=571 val_files=95
[13:22:05] [XGBoost] device=cuda
[13:22:09] [Cache-GroupKFold] done, cached_files=666
[  12%] Building grouped cache for held-out chb09
[13:22:09] [Cache-GroupKFold] folds=5
[13:22:10] [Cache-GroupKFold] fold 1/5 train_files=514 val_files=153
[13:22:10] [XGBoost] device=cuda
[13:22:15] [Cache-GroupKFold] fold 2/5 train_files=509 val_files=158
[13:22:15] [XGBoost] device=cuda
[13:22:19] [Cache-GroupKFold] fold 3/5 train_files=493 val_files=174
[13:22:19] [XGBoost] device=cuda
[13:22:24] [Cache-GroupKFold] fold 4/5 train_files=580 val_files=87
[13:22:24] [XGBoost] device=cuda
[13:22:29] [Cache-GroupKFold] fold 5/5 train_files=572 val_files=95
[13:22:29] [XGBoost] device=cuda
[13:22:33] [Cache-GroupKFold] done, cached_files=667
[  12%] Building grouped cache for held-out chb10
[13:22:33] [Cache-GroupKFold] folds=5
[13:22:34] [Cache-GroupKFold] fold 1/5 train_files=514 val_files=147
[13:22:34] [XGBoost] device=cuda
[13:22:38] [Cache-GroupKFold] fold 2/5 train_files=503 val_files=158
[13:22:39] [XGBoost] device=cuda
[13:22:43] [Cache-GroupKFold] fold 3/5 train_files=487 val_files=174
[13:22:43] [XGBoost] device=cuda
[13:22:48] [Cache-GroupKFold] fold 4/5 train_files=574 val_files=87
[13:22:48] [XGBoost] device=cuda
[13:22:53] [Cache-GroupKFold] fold 5/5 train_files=566 val_files=95
[13:22:53] [XGBoost] device=cuda
[13:22:57] [Cache-GroupKFold] done, cached_files=661
[  12%] Building grouped cache for held-out chb11
[13:22:57] [Cache-GroupKFold] folds=5
[13:22:58] [Cache-GroupKFold] fold 1/5 train_files=514 val_files=137
[13:22:58] [XGBoost] device=cuda
[13:23:02] [Cache-GroupKFold] fold 2/5 train_files=493 val_files=158
[13:23:03] [XGBoost] device=cuda
[13:23:07] [Cache-GroupKFold] fold 3/5 train_files=477 val_files=174
[13:23:07] [XGBoost] device=cuda
[13:23:12] [Cache-GroupKFold] fold 4/5 train_files=564 val_files=87
[13:23:12] [XGBoost] device=cuda
[13:23:17] [Cache-GroupKFold] fold 5/5 train_files=556 val_files=95
[13:23:17] [XGBoost] device=cuda
[13:23:22] [Cache-GroupKFold] done, cached_files=651
[  12%] Building grouped cache for held-out chb12
[13:23:22] [Cache-GroupKFold] folds=5
[13:23:22] [Cache-GroupKFold] fold 1/5 train_files=525 val_files=137
[13:23:22] [XGBoost] device=cuda
[13:23:27] [Cache-GroupKFold] fold 2/5 train_files=504 val_files=158
[13:23:27] [XGBoost] device=cuda
[13:23:32] [Cache-GroupKFold] fold 3/5 train_files=488 val_files=174
[13:23:32] [XGBoost] device=cuda
[13:23:37] [Cache-GroupKFold] fold 4/5 train_files=575 val_files=87
[13:23:37] [XGBoost] device=cuda
[13:23:42] [Cache-GroupKFold] fold 5/5 train_files=556 val_files=106
[13:23:42] [XGBoost] device=cuda
[13:23:46] [Cache-GroupKFold] done, cached_files=662
[  13%] Building grouped cache for held-out chb13
[13:23:46] [Cache-GroupKFold] folds=5
[13:23:47] [Cache-GroupKFold] fold 1/5 train_files=516 val_files=137
[13:23:47] [XGBoost] device=cuda
[13:23:52] [Cache-GroupKFold] fold 2/5 train_files=495 val_files=158
[13:23:52] [XGBoost] device=cuda
[13:23:57] [Cache-GroupKFold] fold 3/5 train_files=488 val_files=165
[13:23:57] [XGBoost] device=cuda
[13:24:02] [Cache-GroupKFold] fold 4/5 train_files=566 val_files=87
[13:24:02] [XGBoost] device=cuda
[13:24:07] [Cache-GroupKFold] fold 5/5 train_files=547 val_files=106
[13:24:07] [XGBoost] device=cuda
[13:24:11] [Cache-GroupKFold] done, cached_files=653
[  13%] Building grouped cache for held-out chb14
[13:24:11] [Cache-GroupKFold] folds=5
[13:24:12] [Cache-GroupKFold] fold 1/5 train_files=523 val_files=137
[13:24:12] [XGBoost] device=cuda
[13:24:17] [Cache-GroupKFold] fold 2/5 train_files=495 val_files=165
[13:24:17] [XGBoost] device=cuda
[13:24:21] [Cache-GroupKFold] fold 3/5 train_files=495 val_files=165
[13:24:22] [XGBoost] device=cuda
[13:24:26] [Cache-GroupKFold] fold 4/5 train_files=573 val_files=87
[13:24:26] [XGBoost] device=cuda
[13:24:31] [Cache-GroupKFold] fold 5/5 train_files=554 val_files=106
[13:24:32] [XGBoost] device=cuda
[13:24:36] [Cache-GroupKFold] done, cached_files=660
[  13%] Building grouped cache for held-out chb15
[13:24:36] [Cache-GroupKFold] folds=5
[13:24:36] [Cache-GroupKFold] fold 1/5 train_files=509 val_files=137
[13:24:36] [XGBoost] device=cuda
[13:24:41] [Cache-GroupKFold] fold 2/5 train_files=495 val_files=151
[13:24:41] [XGBoost] device=cuda
[13:24:46] [Cache-GroupKFold] fold 3/5 train_files=481 val_files=165
[13:24:46] [XGBoost] device=cuda
[13:24:51] [Cache-GroupKFold] fold 4/5 train_files=559 val_files=87
[13:24:51] [XGBoost] device=cuda
[13:24:56] [Cache-GroupKFold] fold 5/5 train_files=540 val_files=106
[13:24:56] [XGBoost] device=cuda
[13:25:00] [Cache-GroupKFold] done, cached_files=646
[  13%] Building grouped cache for held-out chb16
[13:25:00] [Cache-GroupKFold] folds=5
[13:25:01] [Cache-GroupKFold] fold 1/5 train_files=530 val_files=137
[13:25:01] [XGBoost] device=cuda
[13:25:06] [Cache-GroupKFold] fold 2/5 train_files=516 val_files=151
[13:25:06] [XGBoost] device=cuda
[13:25:10] [Cache-GroupKFold] fold 3/5 train_files=502 val_files=165
[13:25:11] [XGBoost] device=cuda
[13:25:15] [Cache-GroupKFold] fold 4/5 train_files=580 val_files=87
[13:25:15] [XGBoost] device=cuda
[13:25:20] [Cache-GroupKFold] fold 5/5 train_files=540 val_files=127
[13:25:21] [XGBoost] device=cuda
[13:25:25] [Cache-GroupKFold] done, cached_files=667
[  14%] Building grouped cache for held-out chb17
[13:25:25] [Cache-GroupKFold] folds=5
[13:25:25] [Cache-GroupKFold] fold 1/5 train_files=530 val_files=135
[13:25:26] [XGBoost] device=cuda
[13:25:30] [Cache-GroupKFold] fold 2/5 train_files=514 val_files=151
[13:25:30] [XGBoost] device=cuda
[13:25:35] [Cache-GroupKFold] fold 3/5 train_files=500 val_files=165
[13:25:35] [XGBoost] device=cuda
[13:25:40] [Cache-GroupKFold] fold 4/5 train_files=578 val_files=87
[13:25:40] [XGBoost] device=cuda
[13:25:45] [Cache-GroupKFold] fold 5/5 train_files=538 val_files=127
[13:25:45] [XGBoost] device=cuda
[13:25:50] [Cache-GroupKFold] done, cached_files=665
[  14%] Building grouped cache for held-out chb18
[13:25:50] [Cache-GroupKFold] folds=5
[13:25:50] [Cache-GroupKFold] fold 1/5 train_files=515 val_files=135
[13:25:50] [XGBoost] device=cuda
[13:25:55] [Cache-GroupKFold] fold 2/5 train_files=499 val_files=151
[13:25:55] [XGBoost] device=cuda
[13:26:00] [Cache-GroupKFold] fold 3/5 train_files=485 val_files=165
[13:26:00] [XGBoost] device=cuda
[13:26:05] [Cache-GroupKFold] fold 4/5 train_files=578 val_files=72
[13:26:05] [XGBoost] device=cuda
[13:26:10] [Cache-GroupKFold] fold 5/5 train_files=523 val_files=127
[13:26:10] [XGBoost] device=cuda
[13:26:14] [Cache-GroupKFold] done, cached_files=650
[  14%] Building grouped cache for held-out chb19
[13:26:14] [Cache-GroupKFold] folds=5
[13:26:15] [Cache-GroupKFold] fold 1/5 train_files=515 val_files=141
[13:26:15] [XGBoost] device=cuda
[13:26:19] [Cache-GroupKFold] fold 2/5 train_files=505 val_files=151
[13:26:20] [XGBoost] device=cuda
[13:26:24] [Cache-GroupKFold] fold 3/5 train_files=491 val_files=165
[13:26:25] [XGBoost] device=cuda
[13:26:29] [Cache-GroupKFold] fold 4/5 train_files=584 val_files=72
[13:26:29] [XGBoost] device=cuda
[13:26:34] [Cache-GroupKFold] fold 5/5 train_files=529 val_files=127
[13:26:34] [XGBoost] device=cuda
[13:26:39] [Cache-GroupKFold] done, cached_files=656
[  14%] Building grouped cache for held-out chb20
[13:26:39] [Cache-GroupKFold] folds=5
[13:26:39] [Cache-GroupKFold] fold 1/5 train_files=516 val_files=141
[13:26:39] [XGBoost] device=cuda
[13:26:44] [Cache-GroupKFold] fold 2/5 train_files=506 val_files=151
[13:26:44] [XGBoost] device=cuda
[13:26:49] [Cache-GroupKFold] fold 3/5 train_files=491 val_files=166
[13:26:49] [XGBoost] device=cuda
[13:26:54] [Cache-GroupKFold] fold 4/5 train_files=585 val_files=72
[13:26:54] [XGBoost] device=cuda
[13:26:59] [Cache-GroupKFold] fold 5/5 train_files=530 val_files=127
[13:26:59] [XGBoost] device=cuda
[13:27:03] [Cache-GroupKFold] done, cached_files=657
[  14%] Building grouped cache for held-out chb21
[13:27:03] [Cache-GroupKFold] folds=5
[13:27:04] [Cache-GroupKFold] fold 1/5 train_files=512 val_files=141
[13:27:04] [XGBoost] device=cuda
[13:27:09] [Cache-GroupKFold] fold 2/5 train_files=502 val_files=151
[13:27:09] [XGBoost] device=cuda
[13:27:14] [Cache-GroupKFold] fold 3/5 train_files=487 val_files=166
[13:27:14] [XGBoost] device=cuda
[13:27:18] [Cache-GroupKFold] fold 4/5 train_files=581 val_files=72
[13:27:18] [XGBoost] device=cuda
[13:27:23] [Cache-GroupKFold] fold 5/5 train_files=530 val_files=123
[13:27:23] [XGBoost] device=cuda
[13:27:28] [Cache-GroupKFold] done, cached_files=653
[  15%] Building grouped cache for held-out chb22
[13:27:28] [Cache-GroupKFold] folds=5
[13:27:28] [Cache-GroupKFold] fold 1/5 train_files=514 val_files=141
[13:27:28] [XGBoost] device=cuda
[13:27:33] [Cache-GroupKFold] fold 2/5 train_files=504 val_files=151
[13:27:33] [XGBoost] device=cuda
[13:27:38] [Cache-GroupKFold] fold 3/5 train_files=487 val_files=168
[13:27:38] [XGBoost] device=cuda
[13:27:43] [Cache-GroupKFold] fold 4/5 train_files=583 val_files=72
[13:27:43] [XGBoost] device=cuda
[13:27:48] [Cache-GroupKFold] fold 5/5 train_files=532 val_files=123
[13:27:48] [XGBoost] device=cuda
[13:27:52] [Cache-GroupKFold] done, cached_files=655
[  15%] Building grouped cache for held-out chb23
[13:27:52] [Cache-GroupKFold] folds=5
[13:27:53] [Cache-GroupKFold] fold 1/5 train_files=536 val_files=141
[13:27:53] [XGBoost] device=cuda
[13:27:57] [Cache-GroupKFold] fold 2/5 train_files=526 val_files=151
[13:27:58] [XGBoost] device=cuda
[13:28:02] [Cache-GroupKFold] fold 3/5 train_files=509 val_files=168
[13:28:03] [XGBoost] device=cuda
[13:28:07] [Cache-GroupKFold] fold 4/5 train_files=583 val_files=94
[13:28:07] [XGBoost] device=cuda
[13:28:12] [Cache-GroupKFold] fold 5/5 train_files=554 val_files=123
[13:28:12] [XGBoost] device=cuda
[13:28:17] [Cache-GroupKFold] done, cached_files=677
[  15%] Building grouped cache for held-out chb24
[13:28:17] [Cache-GroupKFold] folds=5
[13:28:17] [Cache-GroupKFold] fold 1/5 train_files=523 val_files=141
[13:28:17] [XGBoost] device=cuda
[13:28:22] [Cache-GroupKFold] fold 2/5 train_files=513 val_files=151
[13:28:22] [XGBoost] device=cuda
[13:28:27] [Cache-GroupKFold] fold 3/5 train_files=496 val_files=168
[13:28:27] [XGBoost] device=cuda
[13:28:32] [Cache-GroupKFold] fold 4/5 train_files=583 val_files=81
[13:28:32] [XGBoost] device=cuda
[13:28:37] [Cache-GroupKFold] fold 5/5 train_files=541 val_files=123
[13:28:37] [XGBoost] device=cuda
[13:28:41] [Cache-GroupKFold] done, cached_files=664
[  18%] Evaluating held-out subject chb01
[13:39:50] [QUBO-Tune] best λ=0.5, θ=0.3, score=0.2956
[13:39:53] [XGBoost] device=cuda
[13:39:58] [File] done chb01_01.edf, baseline_f1=0.0000, qubo_f1=0.0000, elapsed=4.78s
[13:39:58] [XGBoost] device=cuda
[13:40:03] [File] done chb01_02.edf, baseline_f1=0.0000, qubo_f1=0.0000, elapsed=4.79s
[13:40:03] [XGBoost] device=cuda
[13:40:07] [File] done chb01_03.edf, baseline_f1=0.4112, qubo_f1=0.5556, elapsed=4.75s
[13:40:07] [XGBoost] device=cuda
[13:40:12] [File] done chb01_04.edf, baseline_f1=0.4110, qubo_f1=0.6923, elapsed=4.72s
[13:40:12] [XGBoost] device=cuda
[13:40:17] [File] done chb01_05.edf, baseline_f1=0.0000, qubo_f1=0.0000, elapsed=4.76s
[13:40:17] [XGBoost] device=cuda
[13:40:22] [File] done chb01_06.edf, baseline_f1=0.0000, qubo_f1=0.0000, elapsed=4.75s
[13:40:22] [XGBoost] device=cuda
[13:40:26] [File] done chb01_07.edf, baseline_f1=0.0000, qubo_f1=0.0000, elapsed=4.72s
[13:40:26] [XGBoost] device=cuda
[13:40:31] [File] done chb01_08.edf, baseline_f1=0.0000, qubo_f1=0.0000, elapsed=4.73s
[13:40:31] [XGBoost] device=cuda
[13:40:36] [File] done chb01_09.edf, baseline_f1=0.0000, qubo_f1=0.0000, elapsed=4.75s
[13:40:36] [XGBoost] device=cuda
[13:40:41] [File] done chb01_10.edf, baseline_f1=0.0000, qubo_f1=0.0000, elapsed=4.74s
[13:40:41] [XGBoost] device=cuda
[13:40:45] [File] done chb01_11.edf, baseline_f1=0.0000, qubo_f1=0.0000, elapsed=4.76s
[13:40:45] [XGBoost] device=cuda
[13:40:50] [File] done chb01_12.edf, baseline_f1=0.0000, qubo_f1=0.0000, elapsed=4.75s
[13:40:50] [XGBoost] device=cuda
[13:40:55] [File] done chb01_13.edf, baseline_f1=0.0000, qubo_f1=0.0000, elapsed=4.72s
[13:40:55] [XGBoost] device=cuda
[13:41:00] [File] done chb01_14.edf, baseline_f1=0.0000, qubo_f1=0.0000, elapsed=4.75s
[13:41:00] [XGBoost] device=cuda
[13:41:04] [File] done chb01_15.edf, baseline_f1=0.0000, qubo_f1=0.0000, elapsed=4.78s
[13:41:04] [XGBoost] device=cuda
[13:41:09] [File] done chb01_16.edf, baseline_f1=0.5641, qubo_f1=0.8952, elapsed=4.74s
[13:41:09] [XGBoost] device=cuda
[13:41:14] [File] done chb01_17.edf, baseline_f1=0.0000, qubo_f1=0.0000, elapsed=4.74s
[13:41:14] [XGBoost] device=cuda
[13:41:19] [File] done chb01_18.edf, baseline_f1=0.4375, qubo_f1=0.8079, elapsed=4.77s
[13:41:19] [XGBoost] device=cuda
[13:41:23] [File] done chb01_19.edf, baseline_f1=0.0000, qubo_f1=0.0000, elapsed=4.76s
[13:41:23] [XGBoost] device=cuda
[13:41:28] [File] done chb01_20.edf, baseline_f1=0.0000, qubo_f1=0.0000, elapsed=4.75s
[13:41:28] [XGBoost] device=cuda
[13:41:33] [File] done chb01_21.edf, baseline_f1=0.6989, qubo_f1=0.9780, elapsed=4.77s
[13:41:33] [XGBoost] device=cuda
[13:41:38] [File] done chb01_22.edf, baseline_f1=0.0000, qubo_f1=0.0000, elapsed=4.79s
[13:41:38] [XGBoost] device=cuda
[13:41:42] [File] done chb01_23.edf, baseline_f1=0.0000, qubo_f1=0.0000, elapsed=4.79s
[13:41:42] [XGBoost] device=cuda
[13:41:47] [File] done chb01_24.edf, baseline_f1=0.0000, qubo_f1=0.0000, elapsed=4.77s
[13:41:47] [XGBoost] device=cuda
[13:41:52] [File] done chb01_25.edf, baseline_f1=0.0000, qubo_f1=0.0000, elapsed=4.78s
[13:41:52] [XGBoost] device=cuda
[13:41:57] [File] done chb01_26.edf, baseline_f1=0.6389, qubo_f1=0.9312, elapsed=4.73s
[13:41:57] [XGBoost] device=cuda
[13:42:01] [File] done chb01_27.edf, baseline_f1=0.0000, qubo_f1=0.0000, elapsed=4.73s
[13:42:01] [XGBoost] device=cuda
[13:42:06] [File] done chb01_29.edf, baseline_f1=0.0000, qubo_f1=0.0000, elapsed=4.75s
[13:42:06] [XGBoost] device=cuda
[13:42:11] [File] done chb01_30.edf, baseline_f1=0.0000, qubo_f1=0.0000, elapsed=4.75s
[13:42:11] [XGBoost] device=cuda
[13:42:16] [File] done chb01_31.edf, baseline_f1=0.0000, qubo_f1=0.0000, elapsed=4.76s
[13:42:16] [XGBoost] device=cuda
[13:42:20] [File] done chb01_32.edf, baseline_f1=0.0000, qubo_f1=0.0000, elapsed=4.75s
[13:42:20] [XGBoost] device=cuda
[13:42:25] [File] done chb01_33.edf, baseline_f1=0.0000, qubo_f1=0.0000, elapsed=4.79s
[13:42:25] [XGBoost] device=cuda
[13:42:30] [File] done chb01_34.edf, baseline_f1=0.0000, qubo_f1=0.0000, elapsed=4.75s
[13:42:30] [XGBoost] device=cuda
[13:42:35] [File] done chb01_36.edf, baseline_f1=0.0000, qubo_f1=0.0000, elapsed=4.75s
[13:42:35] [XGBoost] device=cuda
[13:42:40] [File] done chb01_37.edf, baseline_f1=0.0000, qubo_f1=0.0000, elapsed=4.74s
[13:42:40] [XGBoost] device=cuda
[13:42:44] [File] done chb01_38.edf, baseline_f1=0.0000, qubo_f1=0.0000, elapsed=4.73s
[13:42:44] [XGBoost] device=cuda
[13:42:49] [File] done chb01_39.edf, baseline_f1=0.0000, qubo_f1=0.0000, elapsed=4.78s
[13:42:49] [XGBoost] device=cuda
[13:42:54] [File] done chb01_40.edf, baseline_f1=0.0000, qubo_f1=0.0000, elapsed=4.76s
[13:42:54] [XGBoost] device=cuda
[13:42:59] [File] done chb01_41.edf, baseline_f1=0.0000, qubo_f1=0.0000, elapsed=4.74s
[13:42:59] [XGBoost] device=cuda
[13:43:03] [File] done chb01_42.edf, baseline_f1=0.0000, qubo_f1=0.0000, elapsed=4.78s
[13:43:03] [XGBoost] device=cuda
[13:43:08] [File] done chb01_43.edf, baseline_f1=0.0000, qubo_f1=0.0000, elapsed=4.76s
[13:43:08] [XGBoost] device=cuda
[13:43:13] [File] done chb01_46.edf, baseline_f1=0.0000, qubo_f1=0.0000, elapsed=4.76s
[  22%] Evaluating held-out subject chb02
[13:54:24] [QUBO-Tune] best λ=1.0, θ=0.3, score=0.3142
[13:54:27] [XGBoost] device=cuda
[13:54:32] [File] done chb02_01.edf, baseline_f1=0.0000, qubo_f1=0.0000, elapsed=4.81s
[13:54:32] [XGBoost] device=cuda
[13:54:37] [File] done chb02_02.edf, baseline_f1=0.0000, qubo_f1=0.0000, elapsed=4.82s
[13:54:37] [XGBoost] device=cuda
[13:54:41] [File] done chb02_03.edf, baseline_f1=0.0000, qubo_f1=0.0000, elapsed=4.80s
[13:54:41] [XGBoost] device=cuda
[13:54:46] [File] done chb02_04.edf, baseline_f1=0.0000, qubo_f1=0.0000, elapsed=4.78s
[13:54:46] [XGBoost] device=cuda
[13:54:51] [File] done chb02_05.edf, baseline_f1=0.0000, qubo_f1=0.0000, elapsed=4.77s
[13:54:51] [XGBoost] device=cuda
[13:54:56] [File] done chb02_06.edf, baseline_f1=0.0000, qubo_f1=0.0000, elapsed=4.76s
[13:54:56] [XGBoost] device=cuda
[13:55:01] [File] done chb02_07.edf, baseline_f1=0.0000, qubo_f1=0.0000, elapsed=4.78s
[13:55:01] [XGBoost] device=cuda
[13:55:05] [File] done chb02_08.edf, baseline_f1=0.0000, qubo_f1=0.0000, elapsed=4.82s
[13:55:05] [XGBoost] device=cuda
[13:55:10] [File] done chb02_09.edf, baseline_f1=0.0000, qubo_f1=0.0000, elapsed=4.77s
[13:55:10] [XGBoost] device=cuda
[13:55:15] [File] done chb02_10.edf, baseline_f1=0.0000, qubo_f1=0.0000, elapsed=4.79s
[13:55:15] [XGBoost] device=cuda
[13:55:20] [File] done chb02_11.edf, baseline_f1=0.0000, qubo_f1=0.0000, elapsed=4.80s
[13:55:20] [XGBoost] device=cuda
[13:55:25] [File] done chb02_12.edf, baseline_f1=0.0000, qubo_f1=0.0000, elapsed=4.81s
[13:55:25] [XGBoost] device=cuda
[13:55:29] [File] done chb02_13.edf, baseline_f1=0.0000, qubo_f1=0.0000, elapsed=4.81s
[13:55:29] [XGBoost] device=cuda
[13:55:34] [File] done chb02_14.edf, baseline_f1=0.0000, qubo_f1=0.0000, elapsed=4.80s
[13:55:34] [XGBoost] device=cuda
[13:55:39] [File] done chb02_15.edf, baseline_f1=0.0000, qubo_f1=0.0000, elapsed=4.77s
[13:55:39] [XGBoost] device=cuda
[13:55:44] [File] done chb02_16+.edf, baseline_f1=0.2351, qubo_f1=0.1919, elapsed=4.81s
[13:55:44] [XGBoost] device=cuda
[13:55:49] [File] done chb02_16.edf, baseline_f1=0.7353, qubo_f1=0.9620, elapsed=4.78s
[13:55:49] [XGBoost] device=cuda
[13:55:53] [File] done chb02_17.edf, baseline_f1=0.0000, qubo_f1=0.0000, elapsed=4.77s
[13:55:53] [XGBoost] device=cuda
[13:55:58] [File] done chb02_18.edf, baseline_f1=0.0000, qubo_f1=0.0000, elapsed=4.78s
[13:55:58] [XGBoost] device=cuda
[13:56:03] [File] done chb02_19.edf, baseline_f1=0.1750, qubo_f1=0.2951, elapsed=4.78s
[13:56:03] [XGBoost] device=cuda
[13:56:08] [File] done chb02_20.edf, baseline_f1=0.0000, qubo_f1=0.0000, elapsed=4.79s
[13:56:08] [XGBoost] device=cuda
[13:56:12] [File] done chb02_21.edf, baseline_f1=0.0000, qubo_f1=0.0000, elapsed=4.82s
[13:56:12] [XGBoost] device=cuda
[13:56:17] [File] done chb02_22.edf, baseline_f1=0.0000, qubo_f1=0.0000, elapsed=4.79s
[13:56:17] [XGBoost] device=cuda
[13:56:22] [File] done chb02_23.edf, baseline_f1=0.0000, qubo_f1=0.0000, elapsed=4.78s
[13:56:22] [XGBoost] device=cuda
[13:56:27] [File] done chb02_24.edf, baseline_f1=0.0000, qubo_f1=0.0000, elapsed=4.79s
[13:56:27] [XGBoost] device=cuda
[13:56:32] [File] done chb02_25.edf, baseline_f1=0.0000, qubo_f1=0.0000, elapsed=4.81s
[13:56:32] [XGBoost] device=cuda
[13:56:36] [File] done chb02_26.edf, baseline_f1=0.0000, qubo_f1=0.0000, elapsed=4.80s
[13:56:36] [XGBoost] device=cuda
[13:56:41] [File] done chb02_27.edf, baseline_f1=0.0000, qubo_f1=0.0000, elapsed=4.80s
[13:56:41] [XGBoost] device=cuda
[13:56:46] [File] done chb02_28.edf, baseline_f1=0.0000, qubo_f1=0.0000, elapsed=4.78s
[13:56:46] [XGBoost] device=cuda
[13:56:51] [File] done chb02_29.edf, baseline_f1=0.0000, qubo_f1=0.0000, elapsed=4.78s
[13:56:51] [XGBoost] device=cuda
[13:56:56] [File] done chb02_30.edf, baseline_f1=0.0000, qubo_f1=0.0000, elapsed=4.81s
[13:56:56] [XGBoost] device=cuda
[13:57:00] [File] done chb02_31.edf, baseline_f1=0.0000, qubo_f1=0.0000, elapsed=4.80s
[13:57:00] [XGBoost] device=cuda
[13:57:05] [File] done chb02_32.edf, baseline_f1=0.0000, qubo_f1=0.0000, elapsed=4.80s
[13:57:05] [XGBoost] device=cuda
[13:57:10] [File] done chb02_33.edf, baseline_f1=0.0000, qubo_f1=0.0000, elapsed=4.83s
[13:57:10] [XGBoost] device=cuda
[13:57:15] [File] done chb02_34.edf, baseline_f1=0.0000, qubo_f1=0.0000, elapsed=4.79s
[13:57:15] [XGBoost] device=cuda
[13:57:20] [File] done chb02_35.edf, baseline_f1=0.0000, qubo_f1=0.0000, elapsed=4.78s
[  25%] Evaluating held-out subject chb03
[14:08:34] [QUBO-Tune] best λ=1.0, θ=0.3, score=0.3122
[14:08:37] [XGBoost] device=cuda
[14:08:42] [File] done chb03_01.edf, baseline_f1=0.6667, qubo_f1=0.9167, elapsed=4.83s
[14:08:42] [XGBoost] device=cuda
[14:08:47] [File] done chb03_02.edf, baseline_f1=0.5806, qubo_f1=0.9600, elapsed=4.77s
[14:08:47] [XGBoost] device=cuda
[14:08:52] [File] done chb03_03.edf, baseline_f1=0.8103, qubo_f1=1.0000, elapsed=4.77s
[14:08:52] [XGBoost] device=cuda
[14:08:57] [File] done chb03_04.edf, baseline_f1=0.6582, qubo_f1=1.0000, elapsed=4.77s
[14:08:57] [XGBoost] device=cuda
[14:09:01] [File] done chb03_05.edf, baseline_f1=0.0000, qubo_f1=0.0000, elapsed=4.76s
[14:09:01] [XGBoost] device=cuda
[14:09:06] [File] done chb03_06.edf, baseline_f1=0.0000, qubo_f1=0.0000, elapsed=4.78s
[14:09:06] [XGBoost] device=cuda
[14:09:11] [File] done chb03_07.edf, baseline_f1=0.0000, qubo_f1=0.0000, elapsed=4.77s
[14:09:11] [XGBoost] device=cuda
[14:09:16] [File] done chb03_08.edf, baseline_f1=0.0000, qubo_f1=0.0000, elapsed=4.78s
[14:09:16] [XGBoost] device=cuda
[14:09:20] [File] done chb03_09.edf, baseline_f1=0.0000, qubo_f1=0.0000, elapsed=4.77s
[14:09:20] [XGBoost] device=cuda
[14:09:25] [File] done chb03_10.edf, baseline_f1=0.0000, qubo_f1=0.0000, elapsed=4.79s
[14:09:25] [XGBoost] device=cuda
[14:09:30] [File] done chb03_11.edf, baseline_f1=0.0000, qubo_f1=0.0000, elapsed=4.82s
[14:09:30] [XGBoost] device=cuda
[14:09:35] [File] done chb03_12.edf, baseline_f1=0.0000, qubo_f1=0.0000, elapsed=4.83s
[14:09:35] [XGBoost] device=cuda
[14:09:40] [File] done chb03_13.edf, baseline_f1=0.0000, qubo_f1=0.0000, elapsed=4.79s
[14:09:40] [XGBoost] device=cuda
[14:09:44] [File] done chb03_14.edf, baseline_f1=0.0000, qubo_f1=0.0000, elapsed=4.78s
[14:09:44] [XGBoost] device=cuda
[14:09:49] [File] done chb03_15.edf, baseline_f1=0.0000, qubo_f1=0.0000, elapsed=4.78s
[14:09:49] [XGBoost] device=cuda
[14:09:54] [File] done chb03_16.edf, baseline_f1=0.0000, qubo_f1=0.0000, elapsed=4.78s
[14:09:54] [XGBoost] device=cuda
[14:09:59] [File] done chb03_17.edf, baseline_f1=0.0000, qubo_f1=0.0000, elapsed=4.79s
[14:09:59] [XGBoost] device=cuda
[14:10:04] [File] done chb03_18.edf, baseline_f1=0.0000, qubo_f1=0.0000, elapsed=4.78s
[14:10:04] [XGBoost] device=cuda
[14:10:08] [File] done chb03_19.edf, baseline_f1=0.0000, qubo_f1=0.0000, elapsed=4.78s
[14:10:08] [XGBoost] device=cuda
[14:10:13] [File] done chb03_20.edf, baseline_f1=0.0000, qubo_f1=0.0000, elapsed=4.77s
[14:10:13] [XGBoost] device=cuda
[14:10:18] [File] done chb03_21.edf, baseline_f1=0.0000, qubo_f1=0.0000, elapsed=4.81s
[14:10:18] [XGBoost] device=cuda
[14:10:23] [File] done chb03_22.edf, baseline_f1=0.0000, qubo_f1=0.0000, elapsed=4.81s
[14:10:23] [XGBoost] device=cuda
[14:10:28] [File] done chb03_23.edf, baseline_f1=0.0000, qubo_f1=0.0000, elapsed=4.77s
[14:10:28] [XGBoost] device=cuda
[14:10:32] [File] done chb03_24.edf, baseline_f1=0.0000, qubo_f1=0.0000, elapsed=4.81s
[14:10:32] [XGBoost] device=cuda
[14:10:37] [File] done chb03_25.edf, baseline_f1=0.0000, qubo_f1=0.0000, elapsed=4.87s
[14:10:37] [XGBoost] device=cuda
[14:10:42] [File] done chb03_26.edf, baseline_f1=0.0000, qubo_f1=0.0000, elapsed=4.79s
[14:10:42] [XGBoost] device=cuda
[14:10:47] [File] done chb03_27.edf, baseline_f1=0.0000, qubo_f1=0.0000, elapsed=4.81s
[14:10:47] [XGBoost] device=cuda
[14:10:52] [File] done chb03_28.edf, baseline_f1=0.0000, qubo_f1=0.0000, elapsed=4.83s
[14:10:52] [XGBoost] device=cuda
[14:10:56] [File] done chb03_29.edf, baseline_f1=0.0000, qubo_f1=0.0000, elapsed=4.78s
[14:10:56] [XGBoost] device=cuda
[14:11:01] [File] done chb03_30.edf, baseline_f1=0.0000, qubo_f1=0.0000, elapsed=4.78s
[14:11:01] [XGBoost] device=cuda
[14:11:06] [File] done chb03_31.edf, baseline_f1=0.0000, qubo_f1=0.0000, elapsed=4.78s
[14:11:06] [XGBoost] device=cuda
[14:11:11] [File] done chb03_32.edf, baseline_f1=0.0000, qubo_f1=0.0000, elapsed=4.83s
[14:11:11] [XGBoost] device=cuda
[14:11:16] [File] done chb03_33.edf, baseline_f1=0.0000, qubo_f1=0.0000, elapsed=4.76s
[14:11:16] [XGBoost] device=cuda
[14:11:20] [File] done chb03_34.edf, baseline_f1=0.1739, qubo_f1=0.3684, elapsed=4.78s
[14:11:20] [XGBoost] device=cuda
[14:11:25] [File] done chb03_35.edf, baseline_f1=0.2927, qubo_f1=0.0000, elapsed=4.78s
[14:11:25] [XGBoost] device=cuda
[14:11:30] [File] done chb03_36.edf, baseline_f1=0.3590, qubo_f1=0.4211, elapsed=4.81s
[14:11:30] [XGBoost] device=cuda
[14:11:35] [File] done chb03_37.edf, baseline_f1=0.0000, qubo_f1=0.0000, elapsed=4.78s
[14:11:35] [XGBoost] device=cuda
[14:11:40] [File] done chb03_38.edf, baseline_f1=0.0000, qubo_f1=0.0000, elapsed=4.79s
[  28%] Evaluating held-out subject chb04
[14:21:26] [QUBO-Tune] best λ=0.5, θ=0.3, score=0.2985
[14:21:29] [XGBoost] device=cuda
[14:21:33] [File] done chb04_01.edf, baseline_f1=0.0000, qubo_f1=0.0000, elapsed=4.40s
[14:21:33] [XGBoost] device=cuda
[14:21:38] [File] done chb04_02.edf, baseline_f1=0.0000, qubo_f1=0.0000, elapsed=4.39s
[14:21:38] [XGBoost] device=cuda
[14:21:42] [File] done chb04_03.edf, baseline_f1=0.0000, qubo_f1=0.0000, elapsed=4.36s
[14:21:42] [XGBoost] device=cuda
[14:21:46] [File] done chb04_04.edf, baseline_f1=0.0000, qubo_f1=0.0000, elapsed=4.38s
[14:21:46] [XGBoost] device=cuda
[14:21:51] [File] done chb04_05.edf, baseline_f1=0.5287, qubo_f1=0.7765, elapsed=4.30s
[14:21:51] [XGBoost] device=cuda
[14:21:55] [File] done chb04_06.edf, baseline_f1=0.0000, qubo_f1=0.0000, elapsed=4.36s
[14:21:55] [XGBoost] device=cuda
[14:21:59] [File] done chb04_07.edf, baseline_f1=0.0000, qubo_f1=0.0000, elapsed=4.30s
[14:21:59] [XGBoost] device=cuda
[14:22:04] [File] done chb04_08.edf, baseline_f1=0.3524, qubo_f1=0.7526, elapsed=4.37s
[14:22:04] [XGBoost] device=cuda
[14:22:08] [File] done chb04_09.edf, baseline_f1=0.0000, qubo_f1=0.0000, elapsed=4.40s
[14:22:08] [XGBoost] device=cuda
[14:22:13] [File] done chb04_10.edf, baseline_f1=0.0000, qubo_f1=0.0000, elapsed=4.39s
[14:22:13] [XGBoost] device=cuda
[14:22:17] [File] done chb04_11.edf, baseline_f1=0.0000, qubo_f1=0.0000, elapsed=4.31s
[14:22:17] [XGBoost] device=cuda
[14:22:21] [File] done chb04_12.edf, baseline_f1=0.0000, qubo_f1=0.0000, elapsed=4.35s
[14:22:21] [XGBoost] device=cuda
[14:22:26] [File] done chb04_13.edf, baseline_f1=0.0000, qubo_f1=0.0000, elapsed=4.42s
[14:22:26] [XGBoost] device=cuda
[14:22:30] [File] done chb04_14.edf, baseline_f1=0.0000, qubo_f1=0.0000, elapsed=4.38s
[14:22:30] [XGBoost] device=cuda
[14:22:34] [File] done chb04_15.edf, baseline_f1=0.0000, qubo_f1=0.0000, elapsed=4.37s
[14:22:34] [XGBoost] device=cuda
[14:22:39] [File] done chb04_16.edf, baseline_f1=0.0000, qubo_f1=0.0000, elapsed=4.38s
[14:22:39] [XGBoost] device=cuda
[14:22:43] [File] done chb04_17.edf, baseline_f1=0.0000, qubo_f1=0.0000, elapsed=4.37s
[14:22:43] [XGBoost] device=cuda
[14:22:48] [File] done chb04_18.edf, baseline_f1=0.0000, qubo_f1=0.0000, elapsed=4.39s
[14:22:48] [XGBoost] device=cuda
[14:22:52] [File] done chb04_19.edf, baseline_f1=0.0000, qubo_f1=0.0000, elapsed=4.39s
[14:22:52] [XGBoost] device=cuda
[14:22:56] [File] done chb04_21.edf, baseline_f1=0.0000, qubo_f1=0.0000, elapsed=4.38s
[14:22:56] [XGBoost] device=cuda
[14:23:01] [File] done chb04_22.edf, baseline_f1=0.0000, qubo_f1=0.0000, elapsed=4.39s
[14:23:01] [XGBoost] device=cuda
[14:23:05] [File] done chb04_23.edf, baseline_f1=0.0000, qubo_f1=0.0000, elapsed=4.34s
[14:23:05] [XGBoost] device=cuda
[14:23:09] [File] done chb04_24.edf, baseline_f1=0.0000, qubo_f1=0.0000, elapsed=4.38s
[14:23:09] [XGBoost] device=cuda
[14:23:14] [File] done chb04_25.edf, baseline_f1=0.0000, qubo_f1=0.0000, elapsed=4.41s
[14:23:14] [XGBoost] device=cuda
[14:23:18] [File] done chb04_26.edf, baseline_f1=0.0000, qubo_f1=0.0000, elapsed=4.40s
[14:23:18] [XGBoost] device=cuda
[14:23:23] [File] done chb04_27.edf, baseline_f1=0.0000, qubo_f1=0.0000, elapsed=4.38s
[14:23:23] [XGBoost] device=cuda
[14:23:27] [File] done chb04_28.edf, baseline_f1=0.5418, qubo_f1=0.7525, elapsed=4.39s
[14:23:27] [XGBoost] device=cuda
[14:23:31] [File] done chb04_29.edf, baseline_f1=0.0000, qubo_f1=0.0000, elapsed=4.41s
[14:23:31] [XGBoost] device=cuda
[14:23:36] [File] done chb04_30.edf, baseline_f1=0.0000, qubo_f1=0.0000, elapsed=4.38s
[14:23:36] [XGBoost] device=cuda
[14:23:40] [File] done chb04_31.edf, baseline_f1=0.0000, qubo_f1=0.0000, elapsed=4.38s
[14:23:40] [XGBoost] device=cuda
[14:23:45] [File] done chb04_32.edf, baseline_f1=0.0000, qubo_f1=0.0000, elapsed=4.39s
[14:23:45] [XGBoost] device=cuda
[14:23:49] [File] done chb04_33.edf, baseline_f1=0.0000, qubo_f1=0.0000, elapsed=4.38s
[14:23:49] [XGBoost] device=cuda
[14:23:53] [File] done chb04_34.edf, baseline_f1=0.0000, qubo_f1=0.0000, elapsed=4.39s
[14:23:53] [XGBoost] device=cuda
[14:23:58] [File] done chb04_35.edf, baseline_f1=0.0000, qubo_f1=0.0000, elapsed=4.38s
[14:23:58] [XGBoost] device=cuda
[14:24:02] [File] done chb04_36.edf, baseline_f1=0.0000, qubo_f1=0.0000, elapsed=4.42s
[14:24:02] [XGBoost] device=cuda
[14:24:06] [File] done chb04_37.edf, baseline_f1=0.0000, qubo_f1=0.0000, elapsed=4.32s
[14:24:06] [XGBoost] device=cuda
[14:24:11] [File] done chb04_38.edf, baseline_f1=0.0000, qubo_f1=0.0000, elapsed=4.38s
[14:24:11] [XGBoost] device=cuda
[14:24:15] [File] done chb04_39.edf, baseline_f1=0.0000, qubo_f1=0.0000, elapsed=4.38s
[14:24:15] [XGBoost] device=cuda
[14:24:20] [File] done chb04_40.edf, baseline_f1=0.0000, qubo_f1=0.0000, elapsed=4.39s
[14:24:20] [XGBoost] device=cuda
[14:24:24] [File] done chb04_41.edf, baseline_f1=0.0000, qubo_f1=0.0000, elapsed=4.40s
[14:24:24] [XGBoost] device=cuda
[14:24:28] [File] done chb04_42.edf, baseline_f1=0.0000, qubo_f1=0.0000, elapsed=4.29s
[14:24:28] [XGBoost] device=cuda
[14:24:33] [File] done chb04_43.edf, baseline_f1=0.0000, qubo_f1=0.0000, elapsed=4.37s
[  32%] Evaluating held-out subject chb05
[14:35:38] [QUBO-Tune] best λ=0.5, θ=0.3, score=0.3264
[14:35:41] [XGBoost] device=cuda
[14:35:46] [File] done chb05_01.edf, baseline_f1=0.0000, qubo_f1=0.0000, elapsed=4.88s
[14:35:46] [XGBoost] device=cuda
[14:35:51] [File] done chb05_02.edf, baseline_f1=0.0000, qubo_f1=0.0000, elapsed=4.82s
[14:35:51] [XGBoost] device=cuda
[14:35:56] [File] done chb05_03.edf, baseline_f1=0.0000, qubo_f1=0.0000, elapsed=4.82s
[14:35:56] [XGBoost] device=cuda
[14:36:00] [File] done chb05_04.edf, baseline_f1=0.0000, qubo_f1=0.0000, elapsed=4.86s
[14:36:00] [XGBoost] device=cuda
[14:36:05] [File] done chb05_05.edf, baseline_f1=0.0000, qubo_f1=0.0000, elapsed=4.83s
[14:36:05] [XGBoost] device=cuda
[14:36:10] [File] done chb05_06.edf, baseline_f1=0.3992, qubo_f1=0.2948, elapsed=4.80s
[14:36:10] [XGBoost] device=cuda
[14:36:15] [File] done chb05_07.edf, baseline_f1=0.0000, qubo_f1=0.0000, elapsed=4.81s
[14:36:15] [XGBoost] device=cuda
[14:36:20] [File] done chb05_08.edf, baseline_f1=0.0000, qubo_f1=0.0000, elapsed=4.78s
[14:36:20] [XGBoost] device=cuda
[14:36:24] [File] done chb05_09.edf, baseline_f1=0.0000, qubo_f1=0.0000, elapsed=4.79s
[14:36:24] [XGBoost] device=cuda
[14:36:29] [File] done chb05_10.edf, baseline_f1=0.0000, qubo_f1=0.0000, elapsed=4.82s
[14:36:29] [XGBoost] device=cuda
[14:36:34] [File] done chb05_11.edf, baseline_f1=0.0000, qubo_f1=0.0000, elapsed=4.80s
[14:36:34] [XGBoost] device=cuda
[14:36:39] [File] done chb05_12.edf, baseline_f1=0.0000, qubo_f1=0.0000, elapsed=4.83s
[14:36:39] [XGBoost] device=cuda
[14:36:44] [File] done chb05_13.edf, baseline_f1=0.4324, qubo_f1=0.4083, elapsed=4.82s
[14:36:44] [XGBoost] device=cuda
[14:36:49] [File] done chb05_14.edf, baseline_f1=0.0000, qubo_f1=0.0000, elapsed=4.81s
[14:36:49] [XGBoost] device=cuda
[14:36:53] [File] done chb05_15.edf, baseline_f1=0.0000, qubo_f1=0.0000, elapsed=4.84s
[14:36:53] [XGBoost] device=cuda
[14:36:58] [File] done chb05_16.edf, baseline_f1=0.3605, qubo_f1=0.3333, elapsed=4.79s
[14:36:58] [XGBoost] device=cuda
[14:37:03] [File] done chb05_17.edf, baseline_f1=0.2470, qubo_f1=0.1676, elapsed=4.80s
[14:37:03] [XGBoost] device=cuda
[14:37:08] [File] done chb05_18.edf, baseline_f1=0.0000, qubo_f1=0.0000, elapsed=4.84s
[14:37:08] [XGBoost] device=cuda
[14:37:13] [File] done chb05_19.edf, baseline_f1=0.0000, qubo_f1=0.0000, elapsed=4.78s
[14:37:13] [XGBoost] device=cuda
[14:37:17] [File] done chb05_20.edf, baseline_f1=0.0000, qubo_f1=0.0000, elapsed=4.83s
[14:37:17] [XGBoost] device=cuda
[14:37:22] [File] done chb05_21.edf, baseline_f1=0.0000, qubo_f1=0.0000, elapsed=4.83s
[14:37:22] [XGBoost] device=cuda
[14:37:27] [File] done chb05_22.edf, baseline_f1=0.1789, qubo_f1=0.1039, elapsed=4.84s
[14:37:27] [XGBoost] device=cuda
[14:37:32] [File] done chb05_23.edf, baseline_f1=0.0000, qubo_f1=0.0000, elapsed=4.83s
[14:37:32] [XGBoost] device=cuda
[14:37:37] [File] done chb05_24.edf, baseline_f1=0.0000, qubo_f1=0.0000, elapsed=4.84s
[14:37:37] [XGBoost] device=cuda
[14:37:42] [File] done chb05_25.edf, baseline_f1=0.0000, qubo_f1=0.0000, elapsed=4.80s
[14:37:42] [XGBoost] device=cuda
[14:37:46] [File] done chb05_26.edf, baseline_f1=0.0000, qubo_f1=0.0000, elapsed=4.81s
[14:37:46] [XGBoost] device=cuda
[14:37:51] [File] done chb05_27.edf, baseline_f1=0.0000, qubo_f1=0.0000, elapsed=4.80s
[14:37:51] [XGBoost] device=cuda
[14:37:56] [File] done chb05_28.edf, baseline_f1=0.0000, qubo_f1=0.0000, elapsed=4.78s
[14:37:56] [XGBoost] device=cuda
[14:38:01] [File] done chb05_29.edf, baseline_f1=0.0000, qubo_f1=0.0000, elapsed=4.82s
[14:38:01] [XGBoost] device=cuda
[14:38:06] [File] done chb05_30.edf, baseline_f1=0.0000, qubo_f1=0.0000, elapsed=4.85s
[14:38:06] [XGBoost] device=cuda
[14:38:10] [File] done chb05_31.edf, baseline_f1=0.0000, qubo_f1=0.0000, elapsed=4.79s
[14:38:10] [XGBoost] device=cuda
[14:38:15] [File] done chb05_32.edf, baseline_f1=0.0000, qubo_f1=0.0000, elapsed=4.85s
[14:38:15] [XGBoost] device=cuda
[14:38:20] [File] done chb05_33.edf, baseline_f1=0.0000, qubo_f1=0.0000, elapsed=4.85s
[14:38:20] [XGBoost] device=cuda
[14:38:25] [File] done chb05_34.edf, baseline_f1=0.0000, qubo_f1=0.0000, elapsed=4.84s
[14:38:25] [XGBoost] device=cuda
[14:38:30] [File] done chb05_35.edf, baseline_f1=0.0000, qubo_f1=0.0000, elapsed=4.83s
[14:38:30] [XGBoost] device=cuda
[14:38:35] [File] done chb05_36.edf, baseline_f1=0.0000, qubo_f1=0.0000, elapsed=4.82s
[14:38:35] [XGBoost] device=cuda
[14:38:39] [File] done chb05_37.edf, baseline_f1=0.0000, qubo_f1=0.0000, elapsed=4.84s
[14:38:39] [XGBoost] device=cuda
[14:38:44] [File] done chb05_38.edf, baseline_f1=0.0000, qubo_f1=0.0000, elapsed=4.80s
[14:38:44] [XGBoost] device=cuda
[14:38:49] [File] done chb05_39.edf, baseline_f1=0.0000, qubo_f1=0.0000, elapsed=4.82s
[  35%] Evaluating held-out subject chb06
[14:49:32] [QUBO-Tune] best λ=0.5, θ=0.3, score=0.3425
[14:49:35] [XGBoost] device=cuda
[14:49:40] [File] done chb06_01.edf, baseline_f1=0.0080, qubo_f1=0.0066, elapsed=4.89s
[14:49:40] [XGBoost] device=cuda
[14:49:45] [File] done chb06_02.edf, baseline_f1=0.0000, qubo_f1=0.0000, elapsed=4.82s
[14:49:45] [XGBoost] device=cuda
[14:49:50] [File] done chb06_03.edf, baseline_f1=0.0000, qubo_f1=0.0000, elapsed=4.80s
[14:49:50] [XGBoost] device=cuda
[14:49:55] [File] done chb06_04.edf, baseline_f1=0.0414, qubo_f1=0.0674, elapsed=4.81s
[14:49:55] [XGBoost] device=cuda
[14:49:59] [File] done chb06_05.edf, baseline_f1=0.0000, qubo_f1=0.0000, elapsed=4.82s
[14:49:59] [XGBoost] device=cuda
[14:50:04] [File] done chb06_06.edf, baseline_f1=0.0000, qubo_f1=0.0000, elapsed=4.83s
[14:50:04] [XGBoost] device=cuda
[14:50:09] [File] done chb06_07.edf, baseline_f1=0.0000, qubo_f1=0.0000, elapsed=4.81s
[14:50:09] [XGBoost] device=cuda
[14:50:14] [File] done chb06_08.edf, baseline_f1=0.0000, qubo_f1=0.0000, elapsed=4.80s
[14:50:14] [XGBoost] device=cuda
[14:50:19] [File] done chb06_09.edf, baseline_f1=0.0110, qubo_f1=0.0115, elapsed=4.82s
[14:50:19] [XGBoost] device=cuda
[14:50:24] [File] done chb06_10.edf, baseline_f1=0.0078, qubo_f1=0.0150, elapsed=4.83s
[14:50:24] [XGBoost] device=cuda
[14:50:28] [File] done chb06_12.edf, baseline_f1=0.0000, qubo_f1=0.0000, elapsed=4.81s
[14:50:28] [XGBoost] device=cuda
[14:50:33] [File] done chb06_13.edf, baseline_f1=0.0025, qubo_f1=0.0019, elapsed=4.85s
[14:50:33] [XGBoost] device=cuda
[14:50:38] [File] done chb06_14.edf, baseline_f1=0.0000, qubo_f1=0.0000, elapsed=4.83s
[14:50:38] [XGBoost] device=cuda
[14:50:43] [File] done chb06_15.edf, baseline_f1=0.0000, qubo_f1=0.0000, elapsed=4.80s
[14:50:43] [XGBoost] device=cuda
[14:50:48] [File] done chb06_16.edf, baseline_f1=0.0000, qubo_f1=0.0000, elapsed=4.72s
[14:50:48] [XGBoost] device=cuda
[14:50:52] [File] done chb06_17.edf, baseline_f1=0.0000, qubo_f1=0.0000, elapsed=4.81s
[14:50:52] [XGBoost] device=cuda
[14:50:57] [File] done chb06_18.edf, baseline_f1=0.0105, qubo_f1=0.0072, elapsed=4.76s
[14:50:57] [XGBoost] device=cuda
[14:51:02] [File] done chb06_24.edf, baseline_f1=0.0084, qubo_f1=0.0093, elapsed=4.79s
[  38%] Evaluating held-out subject chb07
[15:01:42] [QUBO-Tune] best λ=0.5, θ=0.3, score=0.3037
[15:01:45] [XGBoost] device=cuda
[15:01:49] [File] done chb07_01.edf, baseline_f1=0.0000, qubo_f1=0.0000, elapsed=4.92s
[15:01:49] [XGBoost] device=cuda
[15:01:54] [File] done chb07_02.edf, baseline_f1=0.0000, qubo_f1=0.0000, elapsed=4.83s
[15:01:54] [XGBoost] device=cuda
[15:01:59] [File] done chb07_03.edf, baseline_f1=0.0000, qubo_f1=0.0000, elapsed=4.81s
[15:01:59] [XGBoost] device=cuda
[15:02:04] [File] done chb07_04.edf, baseline_f1=0.0000, qubo_f1=0.0000, elapsed=4.78s
[15:02:04] [XGBoost] device=cuda
[15:02:09] [File] done chb07_05.edf, baseline_f1=0.0000, qubo_f1=0.0000, elapsed=4.80s
[15:02:09] [XGBoost] device=cuda
[15:02:13] [File] done chb07_06.edf, baseline_f1=0.0000, qubo_f1=0.0000, elapsed=4.73s
[15:02:13] [XGBoost] device=cuda
[15:02:18] [File] done chb07_07.edf, baseline_f1=0.0000, qubo_f1=0.0000, elapsed=4.74s
[15:02:18] [XGBoost] device=cuda
[15:02:23] [File] done chb07_08.edf, baseline_f1=0.0000, qubo_f1=0.0000, elapsed=4.82s
[15:02:23] [XGBoost] device=cuda
[15:02:28] [File] done chb07_09.edf, baseline_f1=0.0000, qubo_f1=0.0000, elapsed=4.84s
[15:02:28] [XGBoost] device=cuda
[15:02:33] [File] done chb07_10.edf, baseline_f1=0.0000, qubo_f1=0.0000, elapsed=4.83s
[15:02:33] [XGBoost] device=cuda
[15:02:37] [File] done chb07_11.edf, baseline_f1=0.0000, qubo_f1=0.0000, elapsed=4.80s
[15:02:37] [XGBoost] device=cuda
[15:02:42] [File] done chb07_12.edf, baseline_f1=0.2359, qubo_f1=0.4230, elapsed=4.83s
[15:02:42] [XGBoost] device=cuda
[15:02:47] [File] done chb07_13.edf, baseline_f1=0.5842, qubo_f1=0.6643, elapsed=4.73s
[15:02:47] [XGBoost] device=cuda
[15:02:52] [File] done chb07_14.edf, baseline_f1=0.0000, qubo_f1=0.0000, elapsed=4.81s
[15:02:52] [XGBoost] device=cuda
[15:02:57] [File] done chb07_15.edf, baseline_f1=0.0000, qubo_f1=0.0000, elapsed=4.85s
[15:02:57] [XGBoost] device=cuda
[15:03:02] [File] done chb07_16.edf, baseline_f1=0.0000, qubo_f1=0.0000, elapsed=4.87s
[15:03:02] [XGBoost] device=cuda
[15:03:06] [File] done chb07_17.edf, baseline_f1=0.0000, qubo_f1=0.0000, elapsed=4.84s
[15:03:06] [XGBoost] device=cuda
[15:03:11] [File] done chb07_18.edf, baseline_f1=0.0000, qubo_f1=0.0000, elapsed=4.79s
[15:03:11] [XGBoost] device=cuda
[15:03:16] [File] done chb07_19.edf, baseline_f1=0.4381, qubo_f1=0.6005, elapsed=4.82s
[  42%] Evaluating held-out subject chb08
[15:14:29] [QUBO-Tune] best λ=0.5, θ=0.3, score=0.3176
[15:14:32] [XGBoost] device=cuda
[15:14:37] [File] done chb08_02.edf, baseline_f1=0.4755, qubo_f1=0.6866, elapsed=4.96s
[15:14:37] [XGBoost] device=cuda
[15:14:42] [File] done chb08_03.edf, baseline_f1=0.0000, qubo_f1=0.0000, elapsed=4.91s
[15:14:42] [XGBoost] device=cuda
[15:14:47] [File] done chb08_04.edf, baseline_f1=0.0000, qubo_f1=0.0000, elapsed=4.92s
[15:14:47] [XGBoost] device=cuda
[15:14:52] [File] done chb08_05.edf, baseline_f1=0.4787, qubo_f1=0.7965, elapsed=4.89s
[15:14:52] [XGBoost] device=cuda
[15:14:57] [File] done chb08_10.edf, baseline_f1=0.0000, qubo_f1=0.0000, elapsed=4.91s
[15:14:57] [XGBoost] device=cuda
[15:15:02] [File] done chb08_11.edf, baseline_f1=0.4375, qubo_f1=0.6079, elapsed=4.92s
[15:15:02] [XGBoost] device=cuda
[15:15:06] [File] done chb08_12.edf, baseline_f1=0.0000, qubo_f1=0.0000, elapsed=4.91s
[15:15:06] [XGBoost] device=cuda
[15:15:11] [File] done chb08_13.edf, baseline_f1=0.4207, qubo_f1=0.6107, elapsed=4.93s
[15:15:11] [XGBoost] device=cuda
[15:15:16] [File] done chb08_14.edf, baseline_f1=0.0000, qubo_f1=0.0000, elapsed=4.93s
[15:15:16] [XGBoost] device=cuda
[15:15:21] [File] done chb08_15.edf, baseline_f1=0.0000, qubo_f1=0.0000, elapsed=4.94s
[15:15:21] [XGBoost] device=cuda
[15:15:26] [File] done chb08_16.edf, baseline_f1=0.0000, qubo_f1=0.0000, elapsed=4.94s
[15:15:26] [XGBoost] device=cuda
[15:15:31] [File] done chb08_17.edf, baseline_f1=0.0000, qubo_f1=0.0000, elapsed=4.96s
[15:15:31] [XGBoost] device=cuda
[15:15:36] [File] done chb08_18.edf, baseline_f1=0.0000, qubo_f1=0.0000, elapsed=4.93s
[15:15:36] [XGBoost] device=cuda
[15:15:41] [File] done chb08_19.edf, baseline_f1=0.0000, qubo_f1=0.0000, elapsed=4.90s
[15:15:41] [XGBoost] device=cuda
[15:15:46] [File] done chb08_20.edf, baseline_f1=0.0000, qubo_f1=0.0000, elapsed=4.91s
[15:15:46] [XGBoost] device=cuda
[15:15:51] [File] done chb08_21.edf, baseline_f1=0.3747, qubo_f1=0.5684, elapsed=4.91s
[15:15:51] [XGBoost] device=cuda
[15:15:56] [File] done chb08_22.edf, baseline_f1=0.0000, qubo_f1=0.0000, elapsed=4.92s
[15:15:56] [XGBoost] device=cuda
[15:16:01] [File] done chb08_23.edf, baseline_f1=0.0000, qubo_f1=0.0000, elapsed=4.95s
[15:16:01] [XGBoost] device=cuda
[15:16:06] [File] done chb08_24.edf, baseline_f1=0.0000, qubo_f1=0.0000, elapsed=4.93s
[15:16:06] [XGBoost] device=cuda
[15:16:11] [File] done chb08_29.edf, baseline_f1=0.0000, qubo_f1=0.0000, elapsed=4.94s
[  45%] Evaluating held-out subject chb09
[15:26:49] [QUBO-Tune] best λ=0.5, θ=0.3, score=0.3365
[15:26:52] [XGBoost] device=cuda
[15:26:57] [File] done chb09_01.edf, baseline_f1=0.0000, qubo_f1=0.0000, elapsed=4.84s
[15:26:57] [XGBoost] device=cuda
[15:27:02] [File] done chb09_02.edf, baseline_f1=0.0000, qubo_f1=0.0000, elapsed=4.90s
[15:27:02] [XGBoost] device=cuda
[15:27:07] [File] done chb09_03.edf, baseline_f1=0.0000, qubo_f1=0.0000, elapsed=4.82s
[15:27:07] [XGBoost] device=cuda
[15:27:11] [File] done chb09_04.edf, baseline_f1=0.0000, qubo_f1=0.0000, elapsed=4.81s
[15:27:11] [XGBoost] device=cuda
[15:27:16] [File] done chb09_05.edf, baseline_f1=0.0000, qubo_f1=0.0000, elapsed=4.86s
[15:27:16] [XGBoost] device=cuda
[15:27:21] [File] done chb09_06.edf, baseline_f1=0.0231, qubo_f1=0.0110, elapsed=4.86s
[15:27:21] [XGBoost] device=cuda
[15:27:26] [File] done chb09_07.edf, baseline_f1=0.0000, qubo_f1=0.0000, elapsed=4.81s
[15:27:26] [XGBoost] device=cuda
[15:27:31] [File] done chb09_08.edf, baseline_f1=0.0688, qubo_f1=0.0274, elapsed=4.87s
[15:27:31] [XGBoost] device=cuda
[15:27:36] [File] done chb09_09.edf, baseline_f1=0.0000, qubo_f1=0.0000, elapsed=4.83s
[15:27:36] [XGBoost] device=cuda
[15:27:40] [File] done chb09_10.edf, baseline_f1=0.0000, qubo_f1=0.0000, elapsed=4.82s
[15:27:40] [XGBoost] device=cuda
[15:27:45] [File] done chb09_11.edf, baseline_f1=0.0000, qubo_f1=0.0000, elapsed=4.86s
[15:27:45] [XGBoost] device=cuda
[15:27:50] [File] done chb09_12.edf, baseline_f1=0.0000, qubo_f1=0.0000, elapsed=4.85s
[15:27:50] [XGBoost] device=cuda
[15:27:55] [File] done chb09_13.edf, baseline_f1=0.0000, qubo_f1=0.0000, elapsed=4.84s
[15:27:55] [XGBoost] device=cuda
[15:28:00] [File] done chb09_14.edf, baseline_f1=0.0000, qubo_f1=0.0000, elapsed=4.85s
[15:28:00] [XGBoost] device=cuda
[15:28:05] [File] done chb09_15.edf, baseline_f1=0.0000, qubo_f1=0.0000, elapsed=4.81s
[15:28:05] [XGBoost] device=cuda
[15:28:10] [File] done chb09_16.edf, baseline_f1=0.0000, qubo_f1=0.0000, elapsed=4.86s
[15:28:10] [XGBoost] device=cuda
[15:28:14] [File] done chb09_17.edf, baseline_f1=0.0000, qubo_f1=0.0000, elapsed=4.69s
[15:28:14] [XGBoost] device=cuda
[15:28:19] [File] done chb09_18.edf, baseline_f1=0.0000, qubo_f1=0.0000, elapsed=4.82s
[15:28:19] [XGBoost] device=cuda
[15:28:24] [File] done chb09_19.edf, baseline_f1=0.0413, qubo_f1=0.0226, elapsed=4.75s
[  48%] Evaluating held-out subject chb10
[15:39:19] [QUBO-Tune] best λ=0.5, θ=0.3, score=0.3255
[15:39:22] [XGBoost] device=cuda
[15:39:27] [File] done chb10_01.edf, baseline_f1=0.0000, qubo_f1=0.0000, elapsed=4.92s
[15:39:27] [XGBoost] device=cuda
[15:39:31] [File] done chb10_02.edf, baseline_f1=0.0000, qubo_f1=0.0000, elapsed=4.89s
[15:39:31] [XGBoost] device=cuda
[15:39:36] [File] done chb10_03.edf, baseline_f1=0.0000, qubo_f1=0.0000, elapsed=4.87s
[15:39:36] [XGBoost] device=cuda
[15:39:41] [File] done chb10_04.edf, baseline_f1=0.0000, qubo_f1=0.0000, elapsed=4.88s
[15:39:41] [XGBoost] device=cuda
[15:39:46] [File] done chb10_05.edf, baseline_f1=0.0000, qubo_f1=0.0000, elapsed=4.89s
[15:39:46] [XGBoost] device=cuda
[15:39:51] [File] done chb10_06.edf, baseline_f1=0.0000, qubo_f1=0.0000, elapsed=4.87s
[15:39:51] [XGBoost] device=cuda
[15:39:56] [File] done chb10_07.edf, baseline_f1=0.0000, qubo_f1=0.0000, elapsed=4.84s
[15:39:56] [XGBoost] device=cuda
[15:40:01] [File] done chb10_08.edf, baseline_f1=0.0000, qubo_f1=0.0000, elapsed=4.86s
[15:40:01] [XGBoost] device=cuda
[15:40:05] [File] done chb10_12.edf, baseline_f1=0.0360, qubo_f1=0.0208, elapsed=4.85s
[15:40:05] [XGBoost] device=cuda
[15:40:10] [File] done chb10_13.edf, baseline_f1=0.0000, qubo_f1=0.0000, elapsed=4.85s
[15:40:10] [XGBoost] device=cuda
[15:40:15] [File] done chb10_14.edf, baseline_f1=0.0000, qubo_f1=0.0000, elapsed=4.85s
[15:40:15] [XGBoost] device=cuda
[15:40:20] [File] done chb10_15.edf, baseline_f1=0.0000, qubo_f1=0.0000, elapsed=4.87s
[15:40:20] [XGBoost] device=cuda
[15:40:25] [File] done chb10_16.edf, baseline_f1=0.0000, qubo_f1=0.0000, elapsed=4.87s
[15:40:25] [XGBoost] device=cuda
[15:40:30] [File] done chb10_17.edf, baseline_f1=0.0000, qubo_f1=0.0000, elapsed=4.88s
[15:40:30] [XGBoost] device=cuda
[15:40:35] [File] done chb10_18.edf, baseline_f1=0.0000, qubo_f1=0.0000, elapsed=4.85s
[15:40:35] [XGBoost] device=cuda
[15:40:39] [File] done chb10_19.edf, baseline_f1=0.0000, qubo_f1=0.0000, elapsed=4.86s
[15:40:39] [XGBoost] device=cuda
[15:40:44] [File] done chb10_20.edf, baseline_f1=0.0665, qubo_f1=0.0348, elapsed=4.85s
[15:40:44] [XGBoost] device=cuda
[15:40:49] [File] done chb10_21.edf, baseline_f1=0.0000, qubo_f1=0.0000, elapsed=4.84s
[15:40:49] [XGBoost] device=cuda
[15:40:54] [File] done chb10_22.edf, baseline_f1=0.0000, qubo_f1=0.0000, elapsed=4.83s
[15:40:54] [XGBoost] device=cuda
[15:40:59] [File] done chb10_27.edf, baseline_f1=0.2760, qubo_f1=0.1781, elapsed=4.84s
[15:40:59] [XGBoost] device=cuda
[15:41:04] [File] done chb10_28.edf, baseline_f1=0.0000, qubo_f1=0.0000, elapsed=4.85s
[15:41:04] [XGBoost] device=cuda
[15:41:09] [File] done chb10_30.edf, baseline_f1=0.7257, qubo_f1=0.9048, elapsed=4.91s
[15:41:09] [XGBoost] device=cuda
[15:41:13] [File] done chb10_31.edf, baseline_f1=0.1258, qubo_f1=0.0645, elapsed=4.85s
[15:41:13] [XGBoost] device=cuda
[15:41:18] [File] done chb10_38.edf, baseline_f1=0.1335, qubo_f1=0.0742, elapsed=4.85s
[15:41:18] [XGBoost] device=cuda
[15:41:23] [File] done chb10_89.edf, baseline_f1=0.3448, qubo_f1=0.2486, elapsed=4.83s
[  52%] Evaluating held-out subject chb11
[15:52:28] [QUBO-Tune] best λ=0.5, θ=0.3, score=0.3002
[15:52:31] [XGBoost] device=cuda
[15:52:36] [File] done chb11_01.edf, baseline_f1=0.0000, qubo_f1=0.0000, elapsed=4.99s
[15:52:36] [XGBoost] device=cuda
[15:52:40] [File] done chb11_02.edf, baseline_f1=0.0000, qubo_f1=0.0000, elapsed=4.92s
[15:52:40] [XGBoost] device=cuda
[15:52:45] [File] done chb11_03.edf, baseline_f1=0.0000, qubo_f1=0.0000, elapsed=4.88s
[15:52:45] [XGBoost] device=cuda
[15:52:50] [File] done chb11_04.edf, baseline_f1=0.0000, qubo_f1=0.0000, elapsed=4.90s
[15:52:50] [XGBoost] device=cuda
[15:52:55] [File] done chb11_05.edf, baseline_f1=0.0000, qubo_f1=0.0000, elapsed=4.87s
[15:52:55] [XGBoost] device=cuda
[15:53:00] [File] done chb11_06.edf, baseline_f1=0.0000, qubo_f1=0.0000, elapsed=4.88s
[15:53:00] [XGBoost] device=cuda
[15:53:05] [File] done chb11_07.edf, baseline_f1=0.0000, qubo_f1=0.0000, elapsed=4.88s
[15:53:05] [XGBoost] device=cuda
[15:53:10] [File] done chb11_08.edf, baseline_f1=0.0000, qubo_f1=0.0000, elapsed=4.91s
[15:53:10] [XGBoost] device=cuda
[15:53:15] [File] done chb11_09.edf, baseline_f1=0.0000, qubo_f1=0.0000, elapsed=4.88s
[15:53:15] [XGBoost] device=cuda
[15:53:20] [File] done chb11_10.edf, baseline_f1=0.0000, qubo_f1=0.0000, elapsed=4.87s
[15:53:20] [XGBoost] device=cuda
[15:53:24] [File] done chb11_11.edf, baseline_f1=0.0000, qubo_f1=0.0000, elapsed=4.86s
[15:53:24] [XGBoost] device=cuda
[15:53:29] [File] done chb11_12.edf, baseline_f1=0.0000, qubo_f1=0.0000, elapsed=4.92s
[15:53:29] [XGBoost] device=cuda
[15:53:34] [File] done chb11_13.edf, baseline_f1=0.0000, qubo_f1=0.0000, elapsed=4.88s
[15:53:34] [XGBoost] device=cuda
[15:53:39] [File] done chb11_14.edf, baseline_f1=0.0000, qubo_f1=0.0000, elapsed=4.89s
[15:53:39] [XGBoost] device=cuda
[15:53:44] [File] done chb11_15.edf, baseline_f1=0.0000, qubo_f1=0.0000, elapsed=4.87s
[15:53:44] [XGBoost] device=cuda
[15:53:49] [File] done chb11_16.edf, baseline_f1=0.0000, qubo_f1=0.0000, elapsed=4.89s
[15:53:49] [XGBoost] device=cuda
[15:53:54] [File] done chb11_17.edf, baseline_f1=0.0000, qubo_f1=0.0000, elapsed=4.88s
[15:53:54] [XGBoost] device=cuda
[15:53:59] [File] done chb11_18.edf, baseline_f1=0.0000, qubo_f1=0.0000, elapsed=4.89s
[15:53:59] [XGBoost] device=cuda
[15:54:04] [File] done chb11_19.edf, baseline_f1=0.0000, qubo_f1=0.0000, elapsed=4.91s
[15:54:04] [XGBoost] device=cuda
[15:54:08] [File] done chb11_24.edf, baseline_f1=0.0000, qubo_f1=0.0000, elapsed=4.87s
[15:54:08] [XGBoost] device=cuda
[15:54:13] [File] done chb11_25.edf, baseline_f1=0.0000, qubo_f1=0.0000, elapsed=4.91s
[15:54:13] [XGBoost] device=cuda
[15:54:18] [File] done chb11_26.edf, baseline_f1=0.0000, qubo_f1=0.0000, elapsed=4.91s
[15:54:18] [XGBoost] device=cuda
[15:54:23] [File] done chb11_27.edf, baseline_f1=0.0000, qubo_f1=0.0000, elapsed=4.86s
[15:54:23] [XGBoost] device=cuda
[15:54:28] [File] done chb11_53.edf, baseline_f1=0.0000, qubo_f1=0.0000, elapsed=4.88s
[15:54:28] [XGBoost] device=cuda
[15:54:33] [File] done chb11_54.edf, baseline_f1=0.0000, qubo_f1=0.0000, elapsed=4.91s
[15:54:33] [XGBoost] device=cuda
[15:54:38] [File] done chb11_55.edf, baseline_f1=0.0000, qubo_f1=0.0000, elapsed=4.89s
[15:54:38] [XGBoost] device=cuda
[15:54:43] [File] done chb11_56.edf, baseline_f1=0.0000, qubo_f1=0.0000, elapsed=4.86s
[15:54:43] [XGBoost] device=cuda
[15:54:48] [File] done chb11_58.edf, baseline_f1=0.0000, qubo_f1=0.0000, elapsed=4.88s
[15:54:48] [XGBoost] device=cuda
[15:54:52] [File] done chb11_60.edf, baseline_f1=0.0000, qubo_f1=0.0000, elapsed=4.91s
[15:54:52] [XGBoost] device=cuda
[15:54:57] [File] done chb11_61.edf, baseline_f1=0.0000, qubo_f1=0.0000, elapsed=4.91s
[15:54:57] [XGBoost] device=cuda
[15:55:02] [File] done chb11_62.edf, baseline_f1=0.0000, qubo_f1=0.0000, elapsed=4.88s
[15:55:02] [XGBoost] device=cuda
[15:55:07] [File] done chb11_63.edf, baseline_f1=0.0000, qubo_f1=0.0000, elapsed=4.93s
[15:55:07] [XGBoost] device=cuda
[15:55:12] [File] done chb11_82.edf, baseline_f1=0.0944, qubo_f1=0.0868, elapsed=4.87s
[15:55:12] [XGBoost] device=cuda
[15:55:17] [File] done chb11_92.edf, baseline_f1=0.1622, qubo_f1=0.2991, elapsed=4.90s
[15:55:17] [XGBoost] device=cuda
[15:55:22] [File] done chb11_99.edf, baseline_f1=0.6704, qubo_f1=0.6740, elapsed=4.88s
[  55%] Evaluating held-out subject chb12
[16:06:33] [QUBO-Tune] best λ=0.5, θ=0.3, score=0.3134
[16:06:36] [XGBoost] device=cuda
[16:06:41] [File] done chb12_06.edf, baseline_f1=0.0000, qubo_f1=0.0000, elapsed=5.01s
[16:06:41] [XGBoost] device=cuda
[16:06:46] [File] done chb12_08.edf, baseline_f1=0.0000, qubo_f1=0.0000, elapsed=4.98s
[16:06:46] [XGBoost] device=cuda
[16:06:51] [File] done chb12_09.edf, baseline_f1=0.0000, qubo_f1=0.0000, elapsed=4.93s
[16:06:51] [XGBoost] device=cuda
[16:06:55] [File] done chb12_10.edf, baseline_f1=0.0000, qubo_f1=0.0000, elapsed=4.95s
[16:06:55] [XGBoost] device=cuda
[16:07:00] [File] done chb12_11.edf, baseline_f1=0.0000, qubo_f1=0.0000, elapsed=4.96s
[16:07:00] [XGBoost] device=cuda
[16:07:05] [File] done chb12_19.edf, baseline_f1=0.0000, qubo_f1=0.0000, elapsed=4.94s
[16:07:05] [XGBoost] device=cuda
[16:07:10] [File] done chb12_20.edf, baseline_f1=0.0000, qubo_f1=0.0000, elapsed=4.95s
[16:07:10] [XGBoost] device=cuda
[16:07:15] [File] done chb12_21.edf, baseline_f1=0.0000, qubo_f1=0.0000, elapsed=4.94s
[16:07:15] [XGBoost] device=cuda
[16:07:20] [File] done chb12_23.edf, baseline_f1=0.1135, qubo_f1=0.1224, elapsed=4.97s
[16:07:20] [XGBoost] device=cuda
[16:07:25] [File] done chb12_24.edf, baseline_f1=0.0000, qubo_f1=0.0000, elapsed=4.94s
[16:07:25] [XGBoost] device=cuda
[16:07:30] [File] done chb12_27.edf, baseline_f1=0.0256, qubo_f1=0.0000, elapsed=5.02s
[16:07:30] [XGBoost] device=cuda
[16:07:35] [File] done chb12_28.edf, baseline_f1=0.0000, qubo_f1=0.0000, elapsed=4.94s
[16:07:35] [XGBoost] device=cuda
[16:07:40] [File] done chb12_29.edf, baseline_f1=0.0373, qubo_f1=0.0000, elapsed=4.95s
[16:07:40] [XGBoost] device=cuda
[16:07:45] [File] done chb12_32.edf, baseline_f1=0.0000, qubo_f1=0.0000, elapsed=4.97s
[16:07:45] [XGBoost] device=cuda
[16:07:50] [File] done chb12_33.edf, baseline_f1=0.0842, qubo_f1=0.0000, elapsed=4.94s
[16:07:50] [XGBoost] device=cuda
[16:07:55] [File] done chb12_34.edf, baseline_f1=0.0000, qubo_f1=0.0000, elapsed=4.94s
[16:07:55] [XGBoost] device=cuda
[16:08:00] [File] done chb12_35.edf, baseline_f1=0.0000, qubo_f1=0.0000, elapsed=4.97s
[16:08:00] [XGBoost] device=cuda
[16:08:05] [File] done chb12_36.edf, baseline_f1=0.0000, qubo_f1=0.0000, elapsed=4.96s
[16:08:05] [XGBoost] device=cuda
[16:08:10] [File] done chb12_37.edf, baseline_f1=0.0000, qubo_f1=0.0000, elapsed=5.00s
[16:08:10] [XGBoost] device=cuda
[16:08:15] [File] done chb12_38.edf, baseline_f1=0.0188, qubo_f1=0.0000, elapsed=4.94s
[16:08:15] [XGBoost] device=cuda
[16:08:20] [File] done chb12_39.edf, baseline_f1=0.0000, qubo_f1=0.0000, elapsed=4.96s
[16:08:20] [XGBoost] device=cuda
[16:08:25] [File] done chb12_40.edf, baseline_f1=0.0000, qubo_f1=0.0000, elapsed=4.96s
[16:08:25] [XGBoost] device=cuda
[16:08:30] [File] done chb12_41.edf, baseline_f1=0.0000, qubo_f1=0.0000, elapsed=4.96s
[16:08:30] [XGBoost] device=cuda
[16:08:35] [File] done chb12_42.edf, baseline_f1=0.0284, qubo_f1=0.0000, elapsed=4.96s
[  58%] Evaluating held-out subject chb13
[16:19:38] [QUBO-Tune] best λ=0.5, θ=0.3, score=0.3096
[16:19:41] [XGBoost] device=cuda
[16:19:46] [File] done chb13_02.edf, baseline_f1=0.0000, qubo_f1=0.0000, elapsed=4.91s
[16:19:46] [XGBoost] device=cuda
[16:19:51] [File] done chb13_03.edf, baseline_f1=0.0000, qubo_f1=0.0000, elapsed=4.93s
[16:19:51] [XGBoost] device=cuda
[16:19:56] [File] done chb13_04.edf, baseline_f1=0.0000, qubo_f1=0.0000, elapsed=4.88s
[16:19:56] [XGBoost] device=cuda
[16:20:01] [File] done chb13_05.edf, baseline_f1=0.0000, qubo_f1=0.0000, elapsed=4.87s
[16:20:01] [XGBoost] device=cuda
[16:20:06] [File] done chb13_06.edf, baseline_f1=0.0000, qubo_f1=0.0000, elapsed=4.88s
[16:20:06] [XGBoost] device=cuda
[16:20:11] [File] done chb13_07.edf, baseline_f1=0.0000, qubo_f1=0.0000, elapsed=4.90s
[16:20:11] [XGBoost] device=cuda
[16:20:16] [File] done chb13_08.edf, baseline_f1=0.0000, qubo_f1=0.0000, elapsed=4.88s
[16:20:16] [XGBoost] device=cuda
[16:20:21] [File] done chb13_09.edf, baseline_f1=0.0000, qubo_f1=0.0000, elapsed=4.91s
[16:20:21] [XGBoost] device=cuda
[16:20:25] [File] done chb13_10.edf, baseline_f1=0.0000, qubo_f1=0.0000, elapsed=4.93s
[16:20:25] [XGBoost] device=cuda
[16:20:30] [File] done chb13_11.edf, baseline_f1=0.0000, qubo_f1=0.0000, elapsed=4.88s
[16:20:30] [XGBoost] device=cuda
[16:20:35] [File] done chb13_12.edf, baseline_f1=0.0000, qubo_f1=0.0000, elapsed=4.87s
[16:20:35] [XGBoost] device=cuda
[16:20:40] [File] done chb13_13.edf, baseline_f1=0.0000, qubo_f1=0.0000, elapsed=4.88s
[16:20:40] [XGBoost] device=cuda
[16:20:45] [File] done chb13_14.edf, baseline_f1=0.0000, qubo_f1=0.0000, elapsed=4.87s
[16:20:45] [XGBoost] device=cuda
[16:20:50] [File] done chb13_15.edf, baseline_f1=0.0000, qubo_f1=0.0000, elapsed=4.99s
[16:20:50] [XGBoost] device=cuda
[16:20:55] [File] done chb13_16.edf, baseline_f1=0.0000, qubo_f1=0.0000, elapsed=4.88s
[16:20:55] [XGBoost] device=cuda
[16:21:00] [File] done chb13_18.edf, baseline_f1=0.0000, qubo_f1=0.0000, elapsed=4.92s
[16:21:00] [XGBoost] device=cuda
[16:21:05] [File] done chb13_19.edf, baseline_f1=0.0226, qubo_f1=0.0313, elapsed=4.88s
[16:21:05] [XGBoost] device=cuda
[16:21:10] [File] done chb13_21.edf, baseline_f1=0.0315, qubo_f1=0.0488, elapsed=4.94s
[16:21:10] [XGBoost] device=cuda
[16:21:14] [File] done chb13_22.edf, baseline_f1=0.0000, qubo_f1=0.0000, elapsed=4.88s
[16:21:14] [XGBoost] device=cuda
[16:21:19] [File] done chb13_24.edf, baseline_f1=0.0000, qubo_f1=0.0000, elapsed=4.88s
[16:21:19] [XGBoost] device=cuda
[16:21:24] [File] done chb13_30.edf, baseline_f1=0.0000, qubo_f1=0.0000, elapsed=4.85s
[16:21:24] [XGBoost] device=cuda
[16:21:29] [File] done chb13_36.edf, baseline_f1=0.0000, qubo_f1=0.0000, elapsed=4.86s
[16:21:29] [XGBoost] device=cuda
[16:21:34] [File] done chb13_37.edf, baseline_f1=0.0000, qubo_f1=0.0000, elapsed=4.90s
[16:21:34] [XGBoost] device=cuda
[16:21:39] [File] done chb13_38.edf, baseline_f1=0.0000, qubo_f1=0.0000, elapsed=4.89s
[16:21:39] [XGBoost] device=cuda
[16:21:44] [File] done chb13_39.edf, baseline_f1=0.0000, qubo_f1=0.0000, elapsed=4.88s
[16:21:44] [XGBoost] device=cuda
[16:21:49] [File] done chb13_40.edf, baseline_f1=0.0268, qubo_f1=0.0000, elapsed=4.90s
[16:21:49] [XGBoost] device=cuda
[16:21:53] [File] done chb13_47.edf, baseline_f1=0.0000, qubo_f1=0.0000, elapsed=4.90s
[16:21:53] [XGBoost] device=cuda
[16:21:58] [File] done chb13_55.edf, baseline_f1=0.0162, qubo_f1=0.0112, elapsed=4.87s
[16:21:58] [XGBoost] device=cuda
[16:22:03] [File] done chb13_56.edf, baseline_f1=0.0000, qubo_f1=0.0000, elapsed=4.86s
[16:22:03] [XGBoost] device=cuda
[16:22:08] [File] done chb13_58.edf, baseline_f1=0.0000, qubo_f1=0.0000, elapsed=4.88s
[16:22:08] [XGBoost] device=cuda
[16:22:13] [File] done chb13_59.edf, baseline_f1=0.0000, qubo_f1=0.0000, elapsed=4.92s
[16:22:13] [XGBoost] device=cuda
[16:22:18] [File] done chb13_60.edf, baseline_f1=0.0741, qubo_f1=0.0000, elapsed=4.94s
[16:22:18] [XGBoost] device=cuda
[16:22:23] [File] done chb13_62.edf, baseline_f1=0.2273, qubo_f1=0.4235, elapsed=4.93s
[  62%] Evaluating held-out subject chb14
[16:33:30] [QUBO-Tune] best λ=0.5, θ=0.3, score=0.3127
[16:33:33] [XGBoost] device=cuda
[16:33:38] [File] done chb14_01.edf, baseline_f1=0.0000, qubo_f1=0.0000, elapsed=5.04s
[16:33:38] [XGBoost] device=cuda
[16:33:43] [File] done chb14_02.edf, baseline_f1=0.0000, qubo_f1=0.0000, elapsed=4.95s
[16:33:43] [XGBoost] device=cuda
[16:33:48] [File] done chb14_03.edf, baseline_f1=0.0110, qubo_f1=0.0000, elapsed=4.94s
[16:33:48] [XGBoost] device=cuda
[16:33:53] [File] done chb14_04.edf, baseline_f1=0.0000, qubo_f1=0.0000, elapsed=4.95s
[16:33:53] [XGBoost] device=cuda
[16:33:58] [File] done chb14_06.edf, baseline_f1=0.0058, qubo_f1=0.0000, elapsed=4.93s
[16:33:58] [XGBoost] device=cuda
[16:34:03] [File] done chb14_07.edf, baseline_f1=0.0000, qubo_f1=0.0000, elapsed=4.95s
[16:34:03] [XGBoost] device=cuda
[16:34:08] [File] done chb14_11.edf, baseline_f1=0.0000, qubo_f1=0.0000, elapsed=4.96s
[16:34:08] [XGBoost] device=cuda
[16:34:13] [File] done chb14_12.edf, baseline_f1=0.0000, qubo_f1=0.0000, elapsed=4.93s
[16:34:13] [XGBoost] device=cuda
[16:34:18] [File] done chb14_13.edf, baseline_f1=0.0000, qubo_f1=0.0000, elapsed=4.95s
[16:34:18] [XGBoost] device=cuda
[16:34:23] [File] done chb14_14.edf, baseline_f1=0.0000, qubo_f1=0.0000, elapsed=5.02s
[16:34:23] [XGBoost] device=cuda
[16:34:28] [File] done chb14_16.edf, baseline_f1=0.0000, qubo_f1=0.0000, elapsed=4.96s
[16:34:28] [XGBoost] device=cuda
[16:34:33] [File] done chb14_17.edf, baseline_f1=0.0187, qubo_f1=0.1053, elapsed=4.97s
[16:34:33] [XGBoost] device=cuda
[16:34:38] [File] done chb14_18.edf, baseline_f1=0.0000, qubo_f1=0.0000, elapsed=4.92s
[16:34:38] [XGBoost] device=cuda
[16:34:43] [File] done chb14_19.edf, baseline_f1=0.0000, qubo_f1=0.0000, elapsed=4.91s
[16:34:43] [XGBoost] device=cuda
[16:34:48] [File] done chb14_20.edf, baseline_f1=0.0000, qubo_f1=0.0000, elapsed=4.96s
[16:34:48] [XGBoost] device=cuda
[16:34:53] [File] done chb14_22.edf, baseline_f1=0.0000, qubo_f1=0.0000, elapsed=4.96s
[16:34:53] [XGBoost] device=cuda
[16:34:58] [File] done chb14_24.edf, baseline_f1=0.0000, qubo_f1=0.0000, elapsed=4.95s
[16:34:58] [XGBoost] device=cuda
[16:35:02] [File] done chb14_25.edf, baseline_f1=0.0000, qubo_f1=0.0000, elapsed=4.93s
[16:35:02] [XGBoost] device=cuda
[16:35:07] [File] done chb14_26.edf, baseline_f1=0.0000, qubo_f1=0.0000, elapsed=4.93s
[16:35:07] [XGBoost] device=cuda
[16:35:12] [File] done chb14_27.edf, baseline_f1=0.0000, qubo_f1=0.0000, elapsed=4.96s
[16:35:12] [XGBoost] device=cuda
[16:35:17] [File] done chb14_29.edf, baseline_f1=0.0000, qubo_f1=0.0000, elapsed=4.98s
[16:35:17] [XGBoost] device=cuda
[16:35:22] [File] done chb14_30.edf, baseline_f1=0.0000, qubo_f1=0.0000, elapsed=4.96s
[16:35:22] [XGBoost] device=cuda
[16:35:27] [File] done chb14_32.edf, baseline_f1=0.0000, qubo_f1=0.0000, elapsed=4.93s
[16:35:27] [XGBoost] device=cuda
[16:35:32] [File] done chb14_37.edf, baseline_f1=0.0000, qubo_f1=0.0000, elapsed=4.97s
[16:35:32] [XGBoost] device=cuda
[16:35:37] [File] done chb14_39.edf, baseline_f1=0.0000, qubo_f1=0.0000, elapsed=4.93s
[16:35:37] [XGBoost] device=cuda
[16:35:42] [File] done chb14_42.edf, baseline_f1=0.0000, qubo_f1=0.0000, elapsed=4.91s
[  65%] Evaluating held-out subject chb15
[16:46:41] [QUBO-Tune] best λ=0.5, θ=0.3, score=0.3321
[16:46:43] [XGBoost] device=cuda
[16:46:48] [File] done chb15_01.edf, baseline_f1=0.0000, qubo_f1=0.0000, elapsed=4.89s
[16:46:48] [XGBoost] device=cuda
[16:46:53] [File] done chb15_02.edf, baseline_f1=0.0000, qubo_f1=0.0000, elapsed=4.88s
[16:46:53] [XGBoost] device=cuda
[16:46:58] [File] done chb15_03.edf, baseline_f1=0.0000, qubo_f1=0.0000, elapsed=4.87s
[16:46:58] [XGBoost] device=cuda
[16:47:03] [File] done chb15_04.edf, baseline_f1=0.0000, qubo_f1=0.0000, elapsed=4.89s
[16:47:03] [XGBoost] device=cuda
[16:47:08] [File] done chb15_05.edf, baseline_f1=0.0000, qubo_f1=0.0000, elapsed=4.84s
[16:47:08] [XGBoost] device=cuda
